,timestamp,user_id,content_id,content_type_id,task_container_id,user_answer,answered_correctly,prior_question_elapsed_time,prior_question_had_explanation,question_id,bundle_id,correct_answer,part,tags,tag,type_of,1000_time
1393323,0,298845490,4436,0,0,3,0,,,4436,4436,2,5,26,-1,,0
1393324,18069,298845490,4566,0,1,3,0,16000.0,False,4566,4566,1,5,75,-1,,0
1393325,48958,298845490,6099,0,2,1,1,13000.0,False,6099,6099,1,5,1,-1,,0
1393326,58449,298845490,9261,0,3,0,1,29000.0,False,9261,9261,0,5,173,-1,,0
1393327,110525,298845490,742,0,4,0,1,7000.0,False,742,742,0,2,143 176 38 81,-1,,0
1393328,149375,298845490,4730,0,5,0,1,49000.0,False,4730,4730,0,5,8,-1,,0
1393329,183906,298845490,6402,0,6,0,0,35000.0,False,6402,6402,3,5,173,-1,,0
1393330,205400,298845490,8202,0,7,1,1,32000.0,False,8202,8202,1,5,8,-1,,0
1393331,231905,298845490,7978,0,8,2,0,19000.0,False,7978,7978,1,1,131 104 29,-1,,0
1393332,11833675393,298845490,2598,0,9,3,0,23000.0,False,2598,2596,1,4,157 67 162 92,-1,,0
1393333,11833675393,298845490,2596,0,9,2,0,23000.0,False,2596,2596,3,4,106 67 162 92,-1,,0
1393334,11833675393,298845490,2597,0,9,0,1,23000.0,False,2597,2596,0,4,161 67 162 92,-1,,0
1393335,11834059970,298845490,11603,0,10,3,1,33000.0,True,11603,11603,3,4,106 92 59,-1,,0
1393336,11834059970,298845490,11605,0,10,2,1,33000.0,True,11605,11603,2,4,157 92 59,-1,,0
1393337,11834059970,298845490,11604,0,10,0,0,33000.0,True,11604,11603,2,4,161 92 59,-1,,0
1393338,11834306420,298845490,3438,0,11,3,0,38000.0,True,3438,3438,1,4,74 67 29,-1,,0
1393339,11834306420,298845490,3439,0,11,2,1,38000.0,True,3439,3438,2,4,136 67 29,-1,,0
1393340,11834306420,298845490,3440,0,11,1,1,38000.0,True,3440,3438,1,4,82 67 29,-1,,0
1393341,11834595740,298845490,2571,0,12,3,0,24666.0,True,2571,2569,0,4,157 103 102,-1,,0
1393342,11834595740,298845490,2570,0,12,2,1,24666.0,True,2570,2569,2,4,161 103 102,-1,,0
1393343,11834595740,298845490,2569,0,12,2,0,24666.0,True,2569,2569,1,4,106 103 102,-1,,0
1393344,11834869890,298845490,10124,0,13,3,0,36333.0,True,10124,10124,2,4,106 169 92,-1,,0
1393345,11834869890,298845490,10126,0,13,1,0,36333.0,True,10126,10124,0,4,82 169 92,-1,,0
1393346,11834869890,298845490,10125,0,13,0,1,36333.0,True,10125,10124,0,4,82 169 92,-1,,0
1393347,11835011479,298845490,10523,0,14,3,0,42000.0,True,10523,10523,1,1,131 36 81,-1,,0
1393348,11835109624,298845490,7969,0,15,3,1,25000.0,True,7969,7969,3,1,131 149 162 38,-1,,0
1393349,11835209377,298845490,10415,0,16,2,0,23000.0,True,10415,10415,1,1,131 111 29,-1,,0
1393350,11835292646,298845490,149,0,17,0,0,25000.0,True,149,149,2,1,131 93 81,-1,,0
1393351,11835377421,298845490,134,0,18,0,0,21000.0,True,134,134,2,1,131 104 92,-1,,0
1393352,11835428024,298845490,10545,0,19,1,1,22000.0,True,10545,10545,1,1,131 187 92,-1,,0
1393353,11845209120,298845490,239,0,20,0,1,22000.0,True,239,239,0,2,155 163 38 102,-1,,0
1393354,11845275718,298845490,379,0,21,0,1,18000.0,True,379,379,0,2,148 32 38 102,-1,,0
1393355,11845313775,298845490,296,0,22,0,1,16000.0,True,296,296,0,2,143 114 92 29,-1,,0
1393356,11845355013,298845490,1122,0,23,3,0,16000.0,True,1122,1122,0,2,143 114 38 92,-1,,0
1393357,11845412957,298845490,853,0,24,1,0,19000.0,True,853,853,0,2,129 143 30 38 102,-1,,0
1393358,11845478895,298845490,10686,0,25,3,0,16000.0,True,10686,10686,0,2,62 137 142 38 29,-1,,0
1393359,11845544080,298845490,402,0,26,3,0,19000.0,True,402,402,0,2,62 137 88 92 29,-1,,0
1393360,11845614589,298845490,997,0,27,1,0,30000.0,True,997,997,3,2,143 20 92 29,-1,,0
1393361,11845714149,298845490,969,0,28,3,0,16000.0,True,969,969,0,2,69 32 138 38 81,-1,,0
1393362,11845797284,298845490,258,0,29,3,0,16000.0,True,258,258,1,2,143 30 81 92,-1,,0
1393363,11845868183,298845490,1150,0,30,0,0,17000.0,True,1150,1150,1,2,143 20 81 29,-1,,0
1393364,11845950844,298845490,278,0,31,0,0,15000.0,True,278,278,1,2,2 107 81 92,-1,,0
1393365,11846187233,298845490,25843,1,32,-1,-1,,False,65535,-1,-1,1,,164,concept,0
1393366,11848258305,298845490,11112,0,33,1,0,16000.0,True,11112,11111,0,6,72,-1,,0
1393367,11848258305,298845490,11111,0,33,2,0,16000.0,True,11111,11111,3,6,1,-1,,0
1393368,11848258305,298845490,11113,0,33,1,0,16000.0,True,11113,11111,0,6,27,-1,,0
1393369,11848258305,298845490,11114,0,33,2,1,16000.0,True,11114,11111,2,6,170,-1,,0
1393370,11849388609,298845490,10885,0,34,1,0,34750.0,True,10885,10883,0,6,116,-1,,0
1393371,11849388609,298845490,10884,0,34,1,1,34750.0,True,10884,10883,1,6,73,-1,,0
1393372,11849388609,298845490,10886,0,34,3,0,34750.0,True,10886,10883,2,6,27,-1,,0
1393373,11849388609,298845490,10883,0,34,2,0,34750.0,True,10883,10883,0,6,45,-1,,0
1393374,11849868643,298845490,10275,0,35,2,0,70000.0,True,10275,10272,0,6,27,-1,,0
1393375,11849868643,298845490,10273,0,35,1,0,70000.0,True,10273,10272,2,6,182,-1,,0
1393376,11849868643,298845490,10274,0,35,1,0,70000.0,True,10274,10272,3,6,147,-1,,0
1393377,11849868643,298845490,10272,0,35,3,1,70000.0,True,10272,10272,3,6,73,-1,,0
1393378,11850221000,298845490,10280,0,36,2,0,42250.0,True,10280,10280,0,6,147,-1,,0
1393379,11850221000,298845490,10282,0,36,3,0,42250.0,True,10282,10280,0,6,96,-1,,0
1393380,11850221000,298845490,10283,0,36,0,0,42250.0,True,10283,10280,2,6,58,-1,,0
1393381,11850221000,298845490,10281,0,36,1,0,42250.0,True,10281,10280,2,6,27,-1,,0
1393382,11850341951,298845490,18186,1,38,-1,-1,,False,65535,-1,-1,4,,161,concept,0
1393383,11850547423,298845490,1786,0,37,0,0,31500.0,True,1786,1784,2,3,82 38 81,-1,,0
1393384,11850547423,298845490,1784,0,37,3,1,31500.0,True,1784,1784,3,3,136 38 81,-1,,0
1393385,11850547423,298845490,1785,0,37,1,0,31500.0,True,1785,1784,0,3,74 38 81,-1,,0
1393386,11850685091,298845490,1797,0,39,0,0,24000.0,True,1797,1796,3,3,82 92 29,-1,,0
1393387,11850685091,298845490,1798,0,39,2,0,24000.0,True,1798,1796,1,3,136 162 92 29,-1,,0
1393388,11850685091,298845490,1796,0,39,2,0,24000.0,True,1796,1796,3,3,74 92 29,-1,,0
1393389,11850799157,298845490,1558,0,40,3,1,22333.0,True,1558,1556,3,3,82 38 81,-1,,0
1393390,11850799157,298845490,1557,0,40,2,0,22333.0,True,1557,1556,1,3,106 38 81,-1,,0
1393391,11850799157,298845490,1556,0,40,1,0,22333.0,True,1556,1556,0,3,74 162 38 81,-1,,0
1393392,11850917511,298845490,2388,0,41,0,0,21000.0,True,2388,2386,2,3,157 38 81 92,-1,,0
1393393,11850917511,298845490,2387,0,41,2,1,21000.0,True,2387,2386,2,3,161 38 81 92,-1,,0
1393394,11850917511,298845490,2386,0,41,0,1,21000.0,True,2386,2386,0,3,82 38 81 92,-1,,0
1393395,11851012906,298845490,2329,0,42,1,1,27333.0,True,2329,2329,1,3,106 38 29 102,-1,,0
1393396,11851012906,298845490,2331,0,42,0,0,27333.0,True,2331,2329,3,3,82 38 29 102,-1,,0
1393397,11851012906,298845490,2330,0,42,2,1,27333.0,True,2330,2329,2,3,136 38 29 102,-1,,0
1393398,11929194854,298845490,10999,0,43,0,1,20333.0,True,10999,10999,0,6,53,-1,,0
1393399,11929194854,298845490,11000,0,43,3,0,20333.0,True,11000,10999,2,6,180,-1,,0
1393400,11929194854,298845490,11001,0,43,3,0,20333.0,True,11001,10999,0,6,179,-1,,0
1393401,11929194854,298845490,11002,0,43,0,0,20333.0,True,11002,10999,3,6,27,-1,,0
1393402,11929439397,298845490,10047,0,44,3,0,36000.0,True,10047,10046,2,6,177,-1,,0
1393403,11929439397,298845490,10048,0,44,3,0,36000.0,True,10048,10046,2,6,27,-1,,0
1393404,11929439397,298845490,10049,0,44,1,0,36000.0,True,10049,10046,0,6,8,-1,,0
1393405,11929439397,298845490,10046,0,44,1,0,36000.0,True,10046,10046,3,6,147,-1,,0
1393406,11929572153,298845490,10753,0,45,3,1,34750.0,True,10753,10751,3,6,147,-1,,0
1393407,11929572153,298845490,10751,0,45,0,1,34750.0,True,10751,10751,0,6,27,-1,,0
1393408,11929572153,298845490,10752,0,45,1,0,34750.0,True,10752,10751,3,6,53,-1,,0
1393409,11929572153,298845490,10754,0,45,1,0,34750.0,True,10754,10751,2,6,1,-1,,0
1393410,11929695895,298845490,10205,0,46,0,0,24250.0,True,10205,10204,2,6,91,-1,,0
1393411,11929695895,298845490,10207,0,46,0,1,24250.0,True,10207,10204,0,6,159,-1,,0
1393412,11929695895,298845490,10204,0,46,3,1,24250.0,True,10204,10204,3,6,27,-1,,0
1393413,11929695895,298845490,10206,0,46,3,1,24250.0,True,10206,10204,3,6,4,-1,,0
1393414,11929818840,298845490,2064,0,47,1,1,26000.0,True,2064,2063,1,3,157 92 29,-1,,0
1393415,11929818840,298845490,2065,0,47,2,1,26000.0,True,2065,2063,2,3,136 162 92 29,-1,,0
1393416,11929818840,298845490,2063,0,47,2,0,26000.0,True,2063,2063,0,3,136 92 29,-1,,0
1393417,11929935665,298845490,2337,0,48,3,1,27666.0,True,2337,2335,3,3,157 92 102,-1,,0
1393418,11929935665,298845490,2335,0,48,2,0,27666.0,True,2335,2335,0,3,106 92 102,-1,,0
1393419,11929935665,298845490,2336,0,48,0,0,27666.0,True,2336,2335,1,3,161 92 102,-1,,0
1393420,11930060534,298845490,1617,0,49,0,1,27000.0,True,1617,1616,0,3,161 162 38 29,-1,,0
1393421,11930060534,298845490,1616,0,49,3,0,27000.0,True,1616,1616,1,3,106 38 29,-1,,0
1393422,11930060534,298845490,1618,0,49,2,0,27000.0,True,1618,1616,0,3,157 38 29,-1,,0
1393423,11931544842,298845490,1755,0,50,0,0,27000.0,True,1755,1754,1,3,161 92 29 102,-1,,0
1393424,11931544842,298845490,1756,0,50,1,0,27000.0,True,1756,1754,3,3,157 162 92 29 102,-1,,0
1393425,11931544842,298845490,1754,0,50,0,1,27000.0,True,1754,1754,0,3,74 92 29 102,-1,,0
1393426,11931789850,298845490,1604,0,51,0,0,61666.0,True,1604,1604,1,3,136 81 92,-1,,0
1393427,11931789850,298845490,1605,0,51,3,0,61666.0,True,1605,1604,1,3,74 81 92,-1,,0
1393428,11931789850,298845490,1606,0,51,3,1,61666.0,True,1606,1604,3,3,161 81 92,-1,,0
1393429,11932007901,298845490,3442,0,52,1,0,40333.0,True,3442,3441,2,4,157 12 81,-1,,0
1393430,11932007901,298845490,3441,0,52,2,0,40333.0,True,3441,3441,0,4,74 12 81,-1,,0
1393431,11932007901,298845490,3443,0,52,2,0,40333.0,True,3443,3441,1,4,82 12 81,-1,,0
1393432,11932362587,298845490,10735,0,53,3,0,23000.0,True,10735,10734,2,4,113 92 3,-1,,0
1393433,11932362587,298845490,10734,0,53,3,1,23000.0,True,10734,10734,3,4,74 92 3,-1,,0
1393434,11932362587,298845490,10736,0,53,1,1,23000.0,True,10736,10734,1,4,82 92 3,-1,,0
1393435,11932518367,298845490,3402,0,54,0,1,57000.0,True,3402,3402,0,4,106 144 81,-1,,0
1393436,11932518367,298845490,3404,0,54,1,0,57000.0,True,3404,3402,3,4,82 144 81,-1,,0
1393437,11932518367,298845490,3403,0,54,1,1,57000.0,True,3403,3402,1,4,136 144 81,-1,,0
1393438,11932709361,298845490,3272,0,55,0,0,26666.0,True,3272,3270,1,4,157 126 29,-1,,0
1393439,11932709361,298845490,3270,0,55,1,0,26666.0,True,3270,3270,0,4,106 126 29,-1,,0
1393440,11932709361,298845490,3271,0,55,2,1,26666.0,True,3271,3270,2,4,113 126 29,-1,,0
1393441,11932980031,298845490,3485,0,56,0,0,47666.0,True,3485,3483,1,4,157 12 92,-1,,0
1393442,11932980031,298845490,3484,0,56,1,0,47666.0,True,3484,3483,0,4,136 12 92,-1,,0
1393443,11932980031,298845490,3483,0,56,0,0,47666.0,True,3483,3483,3,4,74 12 92,-1,,0
1393444,11933098379,298845490,21926,1,57,-1,-1,,False,65535,-1,-1,6,,174,concept,0
1393445,11933305818,298845490,20307,1,58,-1,-1,,False,65535,-1,-1,6,,170,concept,0
1393446,12017810321,298845490,10073,0,59,0,0,45333.0,True,10073,10070,3,6,27,-1,,0
1393447,12017810321,298845490,10070,0,59,0,1,45333.0,True,10070,10070,0,6,1,-1,,0
1393448,12017810321,298845490,10072,0,59,1,0,45333.0,True,10072,10070,0,6,174,-1,,0
1393449,12017810321,298845490,10071,0,59,1,1,45333.0,True,10071,10070,1,6,53,-1,,0
1393450,12018068984,298845490,2704,0,61,3,1,21500.0,True,2704,2704,3,4,106 169 81,-1,,0
1393451,12018068984,298845490,2705,0,61,0,0,21500.0,True,2705,2704,2,4,136 169 81,-1,,0
1393452,12018068984,298845490,2706,0,61,3,1,21500.0,True,2706,2704,3,4,82 169 81,-1,,0
1393453,12018202473,298845490,10725,0,62,0,1,26333.0,True,10725,10725,0,4,106 92 3,-1,,0
1393454,12018202473,298845490,10727,0,62,3,0,26333.0,True,10727,10725,1,4,82 92 3,-1,,0
1393455,12018202473,298845490,10726,0,62,3,1,26333.0,True,10726,10725,3,4,74 92 3,-1,,0
1393456,12018315768,298845490,2589,0,63,1,1,27333.0,True,2589,2587,1,4,136 12 162 102,-1,,0
1393457,12018315768,298845490,2588,0,63,2,0,27333.0,True,2588,2587,3,4,161 12 162 102,-1,,0
1393458,12018315768,298845490,2587,0,63,1,0,27333.0,True,2587,2587,2,4,74 12 162 102,-1,,0
1393459,12018456650,298845490,11807,0,64,3,0,22666.0,True,11807,11806,2,4,136 67 29,-1,,0
1393460,12018456650,298845490,11806,0,64,1,1,22666.0,True,11806,11806,1,4,74 67 29,-1,,0
1393461,12018456650,298845490,11808,0,64,0,0,22666.0,True,11808,11806,2,4,136 67 29,-1,,0
1393462,12018577082,298845490,11608,0,65,2,0,29333.0,True,11608,11606,0,4,82 171 81,-1,,0
1393463,12018577082,298845490,11606,0,65,1,0,29333.0,True,11606,11606,3,4,74 171 81,-1,,0
1393464,12018577082,298845490,11607,0,65,1,0,29333.0,True,11607,11606,2,4,136 171 81,-1,,0
1393465,12021830044,298845490,10303,0,60,2,0,25333.0,True,10303,10300,3,6,47,-1,,0
1393466,12021830044,298845490,10301,0,60,2,0,25333.0,True,10301,10300,1,6,91,-1,,0
1393467,12021830044,298845490,10300,0,60,2,1,25333.0,True,10300,10300,2,6,27,-1,,0
1393468,12021830044,298845490,10302,0,60,3,1,25333.0,True,10302,10300,3,6,73,-1,,0
1393469,12022012227,298845490,11171,0,67,2,0,22250.0,True,11171,11171,0,6,27,-1,,0
1393470,12022012227,298845490,11173,0,67,0,0,22250.0,True,11173,11171,3,6,175,-1,,0
1393471,12022012227,298845490,11174,0,67,2,1,22250.0,True,11174,11171,2,6,1,-1,,0
1393472,12022012227,298845490,11172,0,67,2,0,22250.0,True,11172,11171,0,6,166,-1,,0
1393473,12022175957,298845490,10061,0,68,0,1,22250.0,True,10061,10058,0,6,128,-1,,0
1393474,12022175957,298845490,10060,0,68,2,0,22250.0,True,10060,10058,3,6,73,-1,,0
1393475,12022175957,298845490,10058,0,68,1,0,22250.0,True,10058,10058,2,6,27,-1,,0
1393476,12022175957,298845490,10059,0,68,2,1,22250.0,True,10059,10058,2,6,53,-1,,0
1393477,12022606186,298845490,7268,0,66,1,0,34000.0,True,7268,7265,0,7,97 16 35 117 122,-1,,0
1393478,12022606186,298845490,7267,0,66,1,0,34000.0,True,7267,7265,2,7,18 16 35 117 122,-1,,0
1393479,12022606186,298845490,7266,0,66,1,0,34000.0,True,7266,7265,3,7,118 16 35 117 122,-1,,0
1393480,12022606186,298845490,7269,0,66,1,1,34000.0,True,7269,7265,1,7,39 16 35 117 122,-1,,0
1393481,12022606186,298845490,7265,0,66,2,1,34000.0,True,7265,7265,2,7,145 16 35 117 122,-1,,0
1393482,12022621423,298845490,7745,0,69,1,0,26000.0,True,7745,7744,2,7,118 0 146 63 122,-1,,0
1393483,12022621423,298845490,7744,0,69,1,0,26000.0,True,7744,7744,3,7,97 0 146 63 122,-1,,0
1393484,12022621423,298845490,7746,0,69,1,0,26000.0,True,7746,7744,0,7,97 0 146 63 122,-1,,0
1393485,12022621423,298845490,7747,0,69,1,0,26000.0,True,7747,7744,2,7,97 0 146 63 122,-1,,0
1393486,12022621423,298845490,7748,0,69,1,1,26000.0,True,7748,7744,1,7,97 0 146 63 122,-1,,0
1393487,12022678895,298845490,7347,0,70,1,0,1800.0,True,7347,7346,2,7,97 37 21 162,-1,,0
1393488,12022678895,298845490,7346,0,70,3,1,1800.0,True,7346,7346,3,7,37 153 21 162,-1,,0
1393489,12022718828,298845490,3625,1,71,-1,-1,,False,65535,-1,-1,6,,26,concept,0
1393490,12022838671,298845490,15256,1,72,-1,-1,,False,65535,-1,-1,6,,72,concept,0
1393491,12193321360,298845490,7014,0,73,3,1,26000.0,True,7014,7011,3,7,184 19 21,-1,,0
1393492,12193321360,298845490,7012,0,73,1,0,26000.0,True,7012,7011,3,7,97 184 21,-1,,0
1393493,12193321360,298845490,7011,0,73,3,0,26000.0,True,7011,7011,2,7,76 184 21,-1,,0
1393494,12193321360,298845490,7013,0,73,1,0,26000.0,True,7013,7011,0,7,97 184 21,-1,,0
1393495,12194514313,298845490,6986,0,74,2,1,47500.0,True,6986,6986,2,7,39 77 42 35 122,-1,,0
1393496,12194514313,298845490,6989,0,74,1,0,47500.0,True,6989,6986,2,7,145 77 42 35 122,-1,,0
1393497,12194514313,298845490,6990,0,74,2,0,47500.0,True,6990,6986,3,7,97 77 42 35 122,-1,,0
1393498,12194514313,298845490,6988,0,74,3,0,47500.0,True,6988,6986,2,7,118 77 42 35 122,-1,,0
1393499,12194514313,298845490,6987,0,74,0,0,47500.0,True,6987,6986,3,7,97 77 42 35 122,-1,,0
1393500,12194566881,298845490,11693,0,75,1,0,64800.0,True,11693,11689,2,7,98 39 117 87 122,-1,,0
1393501,12194566881,298845490,11689,0,75,3,0,64800.0,True,11689,11689,0,7,98 76 117 87 122,-1,,0
1393502,12194566881,298845490,11692,0,75,0,1,64800.0,True,11692,11689,0,7,98 97 117 87 122,-1,,0
1393503,12194566881,298845490,11690,0,75,3,0,64800.0,True,11690,11689,2,7,98 117 87 122 165,-1,,0
1393504,12194566881,298845490,11691,0,75,0,1,64800.0,True,11691,11689,0,7,98 117 87 122 165,-1,,0
1393505,12194664829,298845490,3194,0,76,2,1,7800.0,True,3194,3192,2,4,161 144 29,-1,,0
1393506,12194664829,298845490,3193,0,76,1,1,7800.0,True,3193,3192,1,4,82 144 29,-1,,0
1393507,12194664829,298845490,3192,0,76,3,0,7800.0,True,3192,3192,0,4,106 144 29,-1,,0
1393508,12194760003,298845490,3114,0,77,2,0,24666.0,True,3114,3114,1,4,106 150 38,-1,,0
1393509,12194760003,298845490,3116,0,77,3,1,24666.0,True,3116,3114,3,4,157 150 38,-1,,0
1393510,12194760003,298845490,3115,0,77,2,0,24666.0,True,3115,3114,0,4,82 150 38,-1,,0
1393511,12194859147,298845490,3180,0,78,0,0,22666.0,True,3180,3180,1,4,161 83 29,-1,,0
1393512,12194859147,298845490,3181,0,78,2,1,22666.0,True,3181,3180,2,4,136 83 29,-1,,0
1393513,12194859147,298845490,3182,0,78,2,0,22666.0,True,3182,3180,3,4,157 83 29,-1,,0
1393514,12194925755,298845490,2683,0,79,1,1,26000.0,True,2683,2683,1,4,74 169 92,-1,,0
1393515,12194925755,298845490,2685,0,79,1,0,26000.0,True,2685,2683,3,4,82 169 92,-1,,0
1393516,12194925755,298845490,2684,0,79,3,0,26000.0,True,2684,2683,0,4,136 169 92,-1,,0
1393517,12195024590,298845490,2756,0,80,0,1,17333.0,True,2756,2755,0,4,113 144 81,-1,,0
1393518,12195024590,298845490,2757,0,80,2,1,17333.0,True,2757,2755,2,4,82 144 81,-1,,0
1393519,12195024590,298845490,2755,0,80,1,0,17333.0,True,2755,2755,3,4,74 144 81,-1,,0
1393520,12195190186,298845490,6602,0,81,1,1,25333.0,True,6602,6601,1,6,8 162,-1,,0
1393521,12195190186,298845490,6604,0,81,0,0,25333.0,True,6604,6601,2,6,73 162,-1,,0
1393522,12195190186,298845490,6603,0,81,2,0,25333.0,True,6603,6601,0,6,27 162,-1,,0
1393523,12195190186,298845490,6601,0,81,2,1,25333.0,True,6601,6601,2,6,109 162,-1,,0
1393524,12195362488,298845490,10882,0,82,3,1,33500.0,True,10882,10879,3,6,179,-1,,0
1393525,12195362488,298845490,10881,0,82,3,0,33500.0,True,10881,10879,2,6,64,-1,,0
1393526,12195362488,298845490,10880,0,82,0,1,33500.0,True,10880,10879,0,6,27,-1,,0
1393527,12195362488,298845490,10879,0,82,0,0,33500.0,True,10879,10879,1,6,14,-1,,0
1393528,12195457383,298845490,10237,0,83,0,0,36000.0,True,10237,10236,3,6,147,-1,,0
1393529,12195457383,298845490,10236,0,83,0,0,36000.0,True,10236,10236,1,6,27,-1,,0
1393530,12195457383,298845490,10238,0,83,3,0,36000.0,True,10238,10236,2,6,1,-1,,0
1393531,12195457383,298845490,10239,0,83,1,0,36000.0,True,10239,10236,3,6,116,-1,,0
1393532,12195507559,298845490,10044,0,84,1,0,18000.0,True,10044,10042,2,6,177,-1,,0
1393533,12195507559,298845490,10043,0,84,3,1,18000.0,True,10043,10042,3,6,109,-1,,0
1393534,12195507559,298845490,10045,0,84,0,1,18000.0,True,10045,10042,0,6,27,-1,,0
1393535,12195507559,298845490,10042,0,84,0,0,18000.0,True,10042,10042,1,6,127,-1,,0
1393536,12195524516,298845490,10052,1,85,-1,-1,,False,65535,-1,-1,7,,0,concept,0
1393537,12195535228,298845490,32146,1,86,-1,-1,,False,65535,-1,-1,7,,0,solving question,0
1393538,12282739688,298845490,17519,1,88,-1,-1,,False,65535,-1,-1,7,,97,concept,0
1393539,12282750259,298845490,20590,1,89,-1,-1,,False,65535,-1,-1,7,,145,concept,0
1393540,12282834790,298845490,3179,0,90,1,0,10250.0,True,3179,3177,3,4,161 150 162 81,-1,,0
1393541,12282834790,298845490,3177,0,90,1,1,10250.0,True,3177,3177,1,4,136 150 162 81,-1,,0
1393542,12282834790,298845490,3178,0,90,1,0,10250.0,True,3178,3177,3,4,136 150 162 81,-1,,0
1393543,12283323627,298845490,2617,0,91,0,1,22666.0,True,2617,2617,0,4,136 169 162 81,-1,,0
1393544,12283323627,298845490,2618,0,91,3,0,22666.0,True,2618,2617,1,4,136 169 162 81,-1,,0
1393545,12283323627,298845490,2619,0,91,0,0,22666.0,True,2619,2617,1,4,82 169 162 81,-1,,0
1393546,12283404098,298845490,3367,0,92,1,1,17333.0,True,3367,3366,1,4,136 183 162 81,-1,,0
1393547,12283404098,298845490,3366,0,92,0,1,17333.0,True,3366,3366,0,4,106 183 162 81,-1,,0
1393548,12283404098,298845490,3368,0,92,1,0,17333.0,True,3368,3366,2,4,136 183 162 81,-1,,0
1393549,12283504440,298845490,2573,0,93,3,1,18333.0,True,2573,2572,3,4,161 171 162 38,-1,,0
1393550,12283504440,298845490,2572,0,93,3,0,18333.0,True,2572,2572,0,4,106 171 162 38,-1,,0
1393551,12283504440,298845490,2574,0,93,3,1,18333.0,True,2574,2572,3,4,136 171 162 38,-1,,0
1393552,12283598277,298845490,3139,0,94,0,1,25000.0,True,3139,3138,0,4,113 67 92,-1,,0
1393553,12283598277,298845490,3140,0,94,0,1,25000.0,True,3140,3138,0,4,157 67 92,-1,,0
1393554,12283598277,298845490,3138,0,94,3,0,25000.0,True,3138,3138,2,4,106 67 92,-1,,0
1393555,12283684285,298845490,10078,0,95,2,0,24666.0,True,10078,10078,0,6,14,-1,,0
1393556,12283684285,298845490,10079,0,95,3,0,24666.0,True,10079,10078,2,6,181,-1,,0
1393557,12283684285,298845490,10080,0,95,3,0,24666.0,True,10080,10078,1,6,73,-1,,0
1393558,12283684285,298845490,10081,0,95,1,0,24666.0,True,10081,10078,2,6,27,-1,,0
1393559,12283735151,298845490,10021,0,96,2,1,17000.0,True,10021,10021,2,6,54,-1,,0
1393560,12283735151,298845490,10022,0,96,1,0,17000.0,True,10022,10021,3,6,27,-1,,0
1393561,12283735151,298845490,10024,0,96,0,0,17000.0,True,10024,10021,1,6,73,-1,,0
1393562,12283735151,298845490,10023,0,96,3,0,17000.0,True,10023,10021,2,6,151,-1,,0
1393563,12283767331,298845490,11625,0,97,0,0,11000.0,True,11625,11623,3,6,109,-1,,0
1393564,12283767331,298845490,11623,0,97,2,1,11000.0,True,11623,11623,2,6,1,-1,,0
1393565,12283767331,298845490,11624,0,97,1,1,11000.0,True,11624,11623,1,6,86,-1,,0
1393566,12283767331,298845490,11626,0,97,0,0,11000.0,True,11626,11623,1,6,27,-1,,0
1393567,12283816975,298845490,6879,0,98,3,0,6000.0,True,6879,6877,2,6,27,-1,,0
1393568,12283816975,298845490,6880,0,98,1,0,6000.0,True,6880,6877,0,6,73,-1,,0
1393569,12283816975,298845490,6878,0,98,0,0,6000.0,True,6878,6877,1,6,65,-1,,0
1393570,12283816975,298845490,6877,0,98,0,0,6000.0,True,6877,6877,2,6,96,-1,,0
1393571,12283845715,298845490,11575,0,87,3,0,10500.0,True,11575,11575,2,7,118 42 160 154 122,-1,,0
1393572,12283845715,298845490,11579,0,87,0,0,10500.0,True,11579,11575,3,7,42 160 154 122 165,-1,,0
1393573,12283845715,298845490,11578,0,87,1,0,10500.0,True,11578,11575,0,7,118 42 160 154 122,-1,,0
1393574,12283845715,298845490,11577,0,87,0,1,10500.0,True,11577,11575,0,7,42 160 154 122 165,-1,,0
1393575,12283845715,298845490,11576,0,87,1,1,10500.0,True,11576,11575,1,7,145 42 160 154 122,-1,,0
1393576,12283861982,298845490,7423,0,99,0,0,3200.0,True,7423,7421,3,7,39 42 46 135,-1,,0
1393577,12283861982,298845490,7421,0,99,1,0,3200.0,True,7421,7421,2,7,76 42 46 135,-1,,0
1393578,12283861982,298845490,7422,0,99,1,1,3200.0,True,7422,7421,1,7,97 42 46 135,-1,,0
1393579,12283861982,298845490,7424,0,99,0,0,3200.0,True,7424,7421,1,7,145 42 46 135,-1,,0
1393580,12283861982,298845490,7425,0,99,0,1,3200.0,True,7425,7421,0,7,118 42 46 135,-1,,0
1393581,12283876204,298845490,7150,0,100,3,0,2000.0,True,7150,7150,0,7,98 118 160 22 122 162,-1,,0
1393582,12283876204,298845490,7151,0,100,0,0,2000.0,True,7151,7150,3,7,98 97 160 22 122 162,-1,,0
1393583,12283876204,298845490,7152,0,100,3,1,2000.0,True,7152,7150,3,7,98 97 160 22 122 162,-1,,0
1393584,12367474493,298845490,20506,1,102,-1,-1,,False,65535,-1,-1,7,,184,concept,0
1393585,12367498892,298845490,29722,1,103,-1,-1,,False,65535,-1,-1,7,,184,solving question,0
1393586,12367779182,298845490,7684,0,101,3,0,1600.0,True,7684,7684,2,7,98 84 76 87 122,-1,,0
1393587,12367779182,298845490,7686,0,101,1,0,1600.0,True,7686,7684,0,7,98 84 97 87 122,-1,,0
1393588,12367779182,298845490,7687,0,101,1,0,1600.0,True,7687,7684,3,7,98 84 39 87 122,-1,,0
1393589,12367779182,298845490,7685,0,101,0,0,1600.0,True,7685,7684,1,7,98 84 97 87 122,-1,,0
1393590,12367779182,298845490,7688,0,101,0,1,1600.0,True,7688,7684,0,7,98 84 97 87 122,-1,,0
1393591,12367802587,298845490,7489,0,104,1,0,51600.0,True,7489,7489,3,7,76 16 146 121 122,-1,,0
1393592,12367802587,298845490,7491,0,104,3,0,51600.0,True,7491,7489,1,7,97 16 146 121 122,-1,,0
1393593,12367802587,298845490,7490,0,104,0,0,51600.0,True,7490,7489,2,7,145 16 146 121 122,-1,,0
1393594,12367802587,298845490,7492,0,104,1,0,51600.0,True,7492,7489,3,7,97 16 146 121 122,-1,,0
1393595,12367802587,298845490,7493,0,104,0,1,51600.0,True,7493,7489,0,7,118 16 146 121 122,-1,,0
1393596,12368836563,298845490,7343,0,105,0,0,3400.0,True,7343,7341,2,7,98 97 185 35 122 162,-1,,0
1393597,12368836563,298845490,7341,0,105,1,0,3400.0,True,7341,7341,0,7,98 76 185 35 122 162,-1,,0
1393598,12368836563,298845490,7345,0,105,1,0,3400.0,True,7345,7341,2,7,98 97 185 35 122 162,-1,,0
1393599,12368836563,298845490,7342,0,105,0,0,3400.0,True,7342,7341,1,7,98 39 185 35 122 162,-1,,0
1393600,12368836563,298845490,7344,0,105,1,0,3400.0,True,7344,7341,0,7,98 118 185 35 122 162,-1,,0
1393601,12368859031,298845490,10256,0,106,0,0,2000.0,True,10256,10256,2,6,128,-1,,0
1393602,12368859031,298845490,10258,0,106,3,1,2000.0,True,10258,10256,3,6,27,-1,,0
1393603,12368859031,298845490,10259,0,106,1,0,2000.0,True,10259,10256,2,6,60,-1,,0
1393604,12368859031,298845490,10257,0,106,0,1,2000.0,True,10257,10256,0,6,73,-1,,0
1393605,12368868719,298845490,6702,0,107,1,0,2500.0,True,6702,6701,3,6,27,-1,,0
1393606,12368868719,298845490,6701,0,107,0,0,2500.0,True,6701,6701,1,6,173,-1,,0
1393607,12368868719,298845490,6704,0,107,1,0,2500.0,True,6704,6701,0,6,179,-1,,0
1393608,12368868719,298845490,6703,0,107,3,1,2500.0,True,6703,6701,3,6,53,-1,,0
1393609,12368879553,298845490,10993,0,108,3,1,1250.0,True,10993,10991,3,6,27,-1,,0
1393610,12368879553,298845490,10992,0,108,0,0,1250.0,True,10992,10991,2,6,179,-1,,0
1393611,12368879553,298845490,10994,0,108,1,0,1250.0,True,10994,10991,0,6,45,-1,,0
1393612,12368879553,298845490,10991,0,108,1,0,1250.0,True,10991,10991,2,6,53,-1,,0
1393613,12368892142,298845490,6573,0,109,1,1,1250.0,True,6573,6573,1,6,147 162,-1,,0
1393614,12368892142,298845490,6574,0,109,0,0,1250.0,True,6574,6573,1,6,179 162,-1,,0
1393615,12368892142,298845490,6575,0,109,0,1,1250.0,True,6575,6573,0,6,109 162,-1,,0
1393616,12368892142,298845490,6576,0,109,0,0,1250.0,True,6576,6573,2,6,27 162,-1,,0
1393617,12368909470,298845490,2557,0,110,0,0,1750.0,True,2557,2557,3,4,106 103 102,-1,,0
1393618,12368909470,298845490,2559,0,110,1,0,1750.0,True,2559,2557,2,4,161 103 102,-1,,0
1393619,12368909470,298845490,2558,0,110,1,0,1750.0,True,2558,2557,3,4,82 103 102,-1,,0
1393620,12368920542,298845490,2947,0,111,1,1,1333.0,True,2947,2946,1,4,74 67 92,-1,,0
1393621,12368920542,298845490,2946,0,111,0,0,1333.0,True,2946,2946,3,4,136 67 92,-1,,0
1393622,12368920542,298845490,2948,0,111,1,0,1333.0,True,2948,2946,0,4,136 67 92,-1,,0
1393623,12368933278,298845490,3070,0,112,1,0,1333.0,True,3070,3069,3,4,113 150 162 38,-1,,0
1393624,12368933278,298845490,3071,0,112,3,1,1333.0,True,3071,3069,3,4,82 150 162 38,-1,,0
1393625,12368933278,298845490,3069,0,112,1,0,1333.0,True,3069,3069,0,4,106 150 162 38,-1,,0
1393626,12368945215,298845490,2628,0,113,3,0,1666.0,True,2628,2626,1,4,157 144 92,-1,,0
1393627,12368945215,298845490,2627,0,113,1,0,1666.0,True,2627,2626,0,4,82 144 92,-1,,0
1393628,12368945215,298845490,2626,0,113,3,0,1666.0,True,2626,2626,1,4,74 144 92,-1,,0
1393629,12368955915,298845490,10729,0,114,1,0,1333.0,True,10729,10728,3,4,136 81 3,-1,,0
1393630,12368955915,298845490,10728,0,114,0,0,1333.0,True,10728,10728,3,4,74 81 3,-1,,0
1393631,12368955915,298845490,10730,0,114,1,0,1333.0,True,10730,10728,0,4,136 81 3,-1,,0
1393632,12454383782,298845490,4652,1,115,-1,-1,,False,65535,-1,-1,7,,37,concept,0
1393633,12454396790,298845490,22042,1,116,-1,-1,,False,65535,-1,-1,7,,37,solving question,0
1393634,12454551123,298845490,3231,0,117,1,0,1333.0,True,3231,3231,0,4,74 126 92,-1,,0
1393635,12454551123,298845490,3232,0,117,0,0,1333.0,True,3232,3231,3,4,136 126 92,-1,,0
1393636,12454551123,298845490,3233,0,117,2,0,1333.0,True,3233,3231,0,4,113 126 92,-1,,0
1393637,12454569174,298845490,2697,0,118,0,0,14333.0,True,2697,2695,2,4,136 67 81,-1,,0
1393638,12454569174,298845490,2695,0,118,3,0,14333.0,True,2695,2695,2,4,74 67 81,-1,,0
1393639,12454569174,298845490,2696,0,118,1,0,14333.0,True,2696,2695,0,4,136 67 81,-1,,0
1393640,12454653526,298845490,2805,0,119,1,0,3000.0,True,2805,2803,3,4,82 67 38,-1,,0
1393641,12454653526,298845490,2804,0,119,2,1,3000.0,True,2804,2803,2,4,136 67 38,-1,,0
1393642,12454653526,298845490,2803,0,119,1,0,3000.0,True,2803,2803,0,4,106 67 38,-1,,0
1393643,12454723578,298845490,3021,0,120,2,0,25333.0,True,3021,3021,0,4,106 67 29,-1,,0
1393644,12454723578,298845490,3022,0,120,3,0,25333.0,True,3022,3021,0,4,113 67 29,-1,,0
1393645,12454723578,298845490,3023,0,120,0,0,25333.0,True,3023,3021,2,4,157 67 29,-1,,0
1393646,12454779552,298845490,3342,0,121,2,0,20333.0,True,3342,3342,3,4,74 67 38,-1,,0
1393647,12454779552,298845490,3343,0,121,0,0,20333.0,True,3343,3342,3,4,161 67 38,-1,,0
1393648,12454779552,298845490,3344,0,121,2,0,20333.0,True,3344,3342,3,4,136 67 38,-1,,0
1393649,12454820756,298845490,10768,0,122,1,0,15666.0,True,10768,10767,0,6,179,-1,,0
1393650,12454820756,298845490,10767,0,122,3,0,15666.0,True,10767,10767,2,6,109,-1,,0
1393651,12454820756,298845490,10769,0,122,0,0,15666.0,True,10769,10767,2,6,27,-1,,0
1393652,12454820756,298845490,10770,0,122,0,0,15666.0,True,10770,10767,3,6,1,-1,,0
1393653,12454860781,298845490,10074,0,123,1,0,5750.0,True,10074,10074,3,6,44,-1,,0
1393654,12454860781,298845490,10076,0,123,1,0,5750.0,True,10076,10074,2,6,53,-1,,0
1393655,12454860781,298845490,10075,0,123,1,0,5750.0,True,10075,10074,3,6,44,-1,,0
1393656,12454860781,298845490,10077,0,123,0,0,5750.0,True,10077,10074,1,6,27,-1,,0
1393657,12454871924,298845490,6505,0,124,1,0,8250.0,True,6505,6505,2,6,27,-1,,0
1393658,12454871924,298845490,6507,0,124,1,0,8250.0,True,6507,6505,2,6,147,-1,,0
1393659,12454871924,298845490,6508,0,124,0,0,8250.0,True,6508,6505,1,6,109,-1,,0
1393660,12454871924,298845490,6506,0,124,0,0,8250.0,True,6506,6505,1,6,73,-1,,0
1393661,12454883575,298845490,10816,0,125,0,1,1250.0,True,10816,10815,0,6,147,-1,,0
1393662,12454883575,298845490,10818,0,125,2,1,1250.0,True,10818,10815,2,6,27,-1,,0
1393663,12454883575,298845490,10815,0,125,1,0,1250.0,True,10815,10815,3,6,73,-1,,0
1393664,12454883575,298845490,10817,0,125,1,1,1250.0,True,10817,10815,1,6,177,-1,,0
1393665,12454901743,298845490,6999,0,126,3,0,1500.0,True,6999,6996,0,7,98 97 160 135,-1,,0
1393666,12454901743,298845490,6997,0,126,1,0,1500.0,True,6997,6996,2,7,98 39 160 135,-1,,0
1393667,12454901743,298845490,6996,0,126,1,0,1500.0,True,6996,6996,3,7,98 118 160 135,-1,,0
1393668,12454901743,298845490,7000,0,126,2,1,1500.0,True,7000,6996,2,7,98 97 160 135,-1,,0
1393669,12454901743,298845490,6998,0,126,0,0,1500.0,True,6998,6996,3,7,98 97 160 135,-1,,0
1393670,12454913560,298845490,7783,0,127,2,0,1400.0,True,7783,7780,1,7,84 97 16 22 122,-1,,0
1393671,12454913560,298845490,7780,0,127,1,0,1400.0,True,7780,7780,0,7,84 76 16 22 122,-1,,0
1393672,12454913560,298845490,7781,0,127,0,0,1400.0,True,7781,7780,3,7,84 97 16 22 122,-1,,0
1393673,12454913560,298845490,7784,0,127,1,0,1400.0,True,7784,7780,2,7,84 39 16 22 122,-1,,0
1393674,12454913560,298845490,7782,0,127,1,0,1400.0,True,7782,7780,3,7,84 97 16 22 122,-1,,0
1393675,12454922093,298845490,7031,0,128,1,0,1200.0,True,7031,7031,3,7,37 153 21 162,-1,,0
1393676,12454922093,298845490,7032,0,128,3,0,1200.0,True,7032,7031,2,7,97 37 21 162,-1,,0
1393677,12542794993,298845490,28527,1,129,-1,-1,,False,65535,-1,-1,7,,50,concept,0
1393678,12542820704,298845490,6101,1,130,-1,-1,,False,65535,-1,-1,7,,50,solving question,0
1393679,12542921087,298845490,7631,0,132,1,0,1500.0,True,7631,7631,3,7,97 139 21,-1,,0
1393680,12542921087,298845490,7632,0,132,3,0,1500.0,True,7632,7631,2,7,118 139 21,-1,,0
1393681,12542938072,298845490,7500,0,133,3,0,1500.0,True,7500,7499,2,7,98 145 35 146 122,-1,,0
1393682,12542938072,298845490,7501,0,133,1,0,1500.0,True,7501,7499,3,7,98 97 35 146 122,-1,,0
1393683,12542938072,298845490,7503,0,133,1,0,1500.0,True,7503,7499,2,7,98 118 35 146 122,-1,,0
1393684,12542938072,298845490,7502,0,133,0,0,1500.0,True,7502,7499,1,7,98 97 35 146 122,-1,,0
1393685,12542938072,298845490,7499,0,133,1,0,1500.0,True,7499,7499,0,7,98 39 35 146 122,-1,,0
1393686,12542949755,298845490,11871,0,134,2,0,2200.0,True,11871,11868,0,7,117 0 135 165,-1,,0
1393687,12542949755,298845490,11870,0,134,1,0,2200.0,True,11870,11868,3,7,117 0 135 165,-1,,0
1393688,12542949755,298845490,11868,0,134,1,0,2200.0,True,11868,11868,0,7,118 117 0 135,-1,,0
1393689,12542949755,298845490,11869,0,134,3,0,2200.0,True,11869,11868,2,7,145 117 0 135,-1,,0
1393690,12542949755,298845490,11872,0,134,0,0,2200.0,True,11872,11868,3,7,145 117 0 135,-1,,0
1393691,12543007539,298845490,10069,0,135,2,1,1200.0,True,10069,10066,2,6,27,-1,,0
1393692,12543007539,298845490,10068,0,135,1,0,1200.0,True,10068,10066,0,6,73,-1,,0
1393693,12543007539,298845490,10067,0,135,2,0,1200.0,True,10067,10066,0,6,159,-1,,0
1393694,12543007539,298845490,10066,0,135,1,1,1200.0,True,10066,10066,1,6,53,-1,,0
1393695,12543041732,298845490,6622,0,136,0,0,11250.0,True,6622,6621,2,6,96 162,-1,,0
1393696,12543041732,298845490,6624,0,136,1,1,11250.0,True,6624,6621,1,6,27 162,-1,,0
1393697,12543041732,298845490,6621,0,136,2,1,11250.0,True,6621,6621,2,6,172 162,-1,,0
1393698,12543041732,298845490,6623,0,136,3,1,11250.0,True,6623,6621,3,6,73 162,-1,,0
1393699,12543086311,298845490,6858,0,137,2,0,7250.0,True,6858,6857,3,6,64 162,-1,,0
1393700,12543086311,298845490,6857,0,137,3,1,7250.0,True,6857,6857,3,6,96 162,-1,,0
1393701,12543086311,298845490,6859,0,137,0,0,7250.0,True,6859,6857,3,6,27 162,-1,,0
1393702,12543086311,298845490,6860,0,137,1,1,7250.0,True,6860,6857,1,6,65 162,-1,,0
1393703,12543137737,298845490,10104,0,138,1,0,9750.0,True,10104,10102,3,6,27,-1,,0
1393704,12543137737,298845490,10102,0,138,2,1,9750.0,True,10102,10102,2,6,45,-1,,0
1393705,12543137737,298845490,10105,0,138,1,0,9750.0,True,10105,10102,0,6,80,-1,,0
1393706,12543137737,298845490,10103,0,138,2,1,9750.0,True,10103,10102,2,6,73,-1,,0
1393707,12543156410,298845490,2980,0,131,1,0,11500.0,True,2980,2979,0,4,136 171 81,-1,,0
1393708,12543156410,298845490,2981,0,131,0,1,11500.0,True,2981,2979,0,4,136 171 81,-1,,0
1393709,12543156410,298845490,2979,0,131,0,0,11500.0,True,2979,2979,1,4,106 171 81,-1,,0
1393710,12543172737,298845490,2956,0,139,0,1,1333.0,True,2956,2955,0,4,136 12 92,-1,,0
1393711,12543172737,298845490,2957,0,139,1,0,1333.0,True,2957,2955,2,4,82 12 92,-1,,0
1393712,12543172737,298845490,2955,0,139,1,0,1333.0,True,2955,2955,0,4,74 12 92,-1,,0
1393713,12543183022,298845490,2665,0,140,0,1,3000.0,True,2665,2665,0,4,106 158 102,-1,,0
1393714,12543183022,298845490,2666,0,140,1,0,3000.0,True,2666,2665,3,4,136 158 102,-1,,0
1393715,12543183022,298845490,2667,0,140,3,0,3000.0,True,2667,2665,1,4,82 158 102,-1,,0
1393716,12543194870,298845490,11814,0,141,1,0,1000.0,True,11814,11812,2,4,157 81 59,-1,,1
1393717,12543194870,298845490,11813,0,141,3,0,1000.0,True,11813,11812,1,4,113 81 59,-1,,2
1393718,12543194870,298845490,11812,0,141,1,0,1000.0,True,11812,11812,3,4,136 81 59,-1,,3
1393719,12543205323,298845490,10720,0,142,1,1,1333.0,True,10720,10719,1,4,74 81 3,-1,,3
1393720,12543205323,298845490,10721,0,142,1,0,1333.0,True,10721,10719,3,4,82 81 3,-1,,3
1393721,12543205323,298845490,10719,0,142,3,0,1333.0,True,10719,10719,0,4,106 81 3,-1,,3
1393722,12628241527,298845490,16588,1,143,-1,-1,,False,65535,-1,-1,7,,16,concept,3
1393723,12628291531,298845490,23716,1,144,-1,-1,,False,65535,-1,-1,7,,153,concept,3
1393724,12628375532,298845490,3076,0,145,2,1,1000.0,True,3076,3075,2,4,113 183 92,-1,,4
1393725,12628375532,298845490,3075,0,145,3,0,1000.0,True,3075,3075,0,4,74 183 92,-1,,5
1393726,12628375532,298845490,3077,0,145,0,0,1000.0,True,3077,3075,3,4,157 183 92,-1,,6
1393727,12628439894,298845490,3215,0,146,1,0,22000.0,True,3215,3213,2,4,113 67 81,-1,,6
1393728,12628439894,298845490,3214,0,146,0,0,22000.0,True,3214,3213,3,4,82 67 81,-1,,6
1393729,12628439894,298845490,3213,0,146,0,0,22000.0,True,3213,3213,1,4,74 67 81,-1,,6
1393730,12628501681,298845490,10134,0,147,2,1,15666.0,True,10134,10133,2,4,82 12 29,-1,,6
1393731,12628501681,298845490,10133,0,147,1,0,15666.0,True,10133,10133,2,4,106 12 29,-1,,6
1393732,12628501681,298845490,10135,0,147,1,1,15666.0,True,10135,10133,1,4,136 12 29,-1,,6
1393733,12628562902,298845490,2791,0,148,2,0,16666.0,True,2791,2791,0,4,74 144 38,-1,,6
1393734,12628562902,298845490,2792,0,148,1,0,16666.0,True,2792,2791,2,4,136 144 38,-1,,6
1393735,12628562902,298845490,2793,0,148,3,1,16666.0,True,2793,2791,3,4,82 144 38,-1,,6
1393736,12628609717,298845490,2996,0,149,3,0,17333.0,True,2996,2994,2,4,157 150 102,-1,,6
1393737,12628609717,298845490,2994,0,149,3,0,17333.0,True,2994,2994,0,4,106 150 102,-1,,6
1393738,12628609717,298845490,2995,0,149,1,1,17333.0,True,2995,2994,1,4,136 150 102,-1,,6
1393739,12628644853,298845490,10189,0,150,0,0,12666.0,True,10189,10188,3,6,53,-1,,6
1393740,12628644853,298845490,10191,0,150,1,0,12666.0,True,10191,10188,0,6,49,-1,,6
1393741,12628644853,298845490,10188,0,150,0,0,12666.0,True,10188,10188,1,6,96,-1,,6
1393742,12628644853,298845490,10190,0,150,2,1,12666.0,True,10190,10188,2,6,27,-1,,6
1393743,12628682224,298845490,11018,0,151,1,1,4750.0,True,11018,11015,1,6,8,-1,,6
1393744,12628682224,298845490,11015,0,151,3,0,4750.0,True,11015,11015,2,6,128,-1,,6
1393745,12628682224,298845490,11017,0,151,2,1,4750.0,True,11017,11015,2,6,134,-1,,6
1393746,12628682224,298845490,11016,0,151,0,0,4750.0,True,11016,11015,3,6,27,-1,,6
1393747,12628737382,298845490,10806,0,152,3,0,8000.0,True,10806,10803,1,6,53,-1,,6
1393748,12628737382,298845490,10803,0,152,1,0,8000.0,True,10803,10803,0,6,27,-1,,6
1393749,12628737382,298845490,10805,0,152,3,1,8000.0,True,10805,10803,3,6,1,-1,,6
1393750,12628737382,298845490,10804,0,152,2,1,8000.0,True,10804,10803,2,6,180,-1,,6
1393751,12628777355,298845490,6711,0,153,3,1,12250.0,True,6711,6709,3,6,27,-1,,6
1393752,12628777355,298845490,6710,0,153,1,1,12250.0,True,6710,6709,1,6,1,-1,,6
1393753,12628777355,298845490,6709,0,153,2,0,12250.0,True,6709,6709,0,6,55,-1,,6
1393754,12628777355,298845490,6712,0,153,1,0,12250.0,True,6712,6709,2,6,179,-1,,6
1393755,12628881324,298845490,7787,0,154,2,0,8500.0,True,7787,7785,0,7,84 76 16 22 122,-1,,6
1393756,12628881324,298845490,7786,0,154,0,0,8500.0,True,7786,7785,1,7,84 39 16 22 122,-1,,6
1393757,12628881324,298845490,7785,0,154,1,0,8500.0,True,7785,7785,2,7,84 118 16 22 122,-1,,6
1393758,12628881324,298845490,7789,0,154,2,0,8500.0,True,7789,7785,3,7,84 97 16 22 122,-1,,6
1393759,12628881324,298845490,7788,0,154,0,0,8500.0,True,7788,7785,1,7,84 97 16 22 122,-1,,6
1393760,12628906267,298845490,7173,0,155,3,0,17800.0,True,7173,7173,2,7,98 145 160 35 122 162,-1,,6
1393761,12628906267,298845490,7177,0,155,0,0,17800.0,True,7177,7173,1,7,98 18 160 35 122 162,-1,,6
1393762,12628906267,298845490,7174,0,155,0,0,17800.0,True,7174,7173,1,7,98 97 160 35 122 162,-1,,6
1393763,12628906267,298845490,7175,0,155,1,0,17800.0,True,7175,7173,0,7,98 97 160 35 122 162,-1,,6
1393764,12628906267,298845490,7176,0,155,0,0,17800.0,True,7176,7173,1,7,98 97 160 35 122 162,-1,,6
1393765,12628927795,298845490,8139,0,156,0,0,3600.0,True,8139,8139,2,7,84 97 50 135 162,-1,,6
1393766,12628927795,298845490,8141,0,156,1,0,3600.0,True,8141,8139,2,7,84 50 118 135 162,-1,,6
1393767,12628927795,298845490,8140,0,156,3,0,3600.0,True,8140,8139,2,7,84 50 118 135 162,-1,,6
1393768,12628927795,298845490,8143,0,156,3,0,3600.0,True,8143,8139,0,7,84 97 50 135 162,-1,,6
1393769,12628927795,298845490,8142,0,156,3,0,3600.0,True,8142,8139,2,7,84 97 50 135 162,-1,,6
1393770,12714371137,298845490,7385,1,157,-1,-1,,False,65535,-1,-1,7,,42,concept,6
1393771,12714378964,298845490,32095,1,158,-1,-1,,False,65535,-1,-1,7,,42,solving question,6
1393772,12714652753,298845490,7450,0,159,1,0,3200.0,True,7450,7448,2,7,118 0 21,-1,,6
1393773,12714652753,298845490,7449,0,159,3,0,3200.0,True,7449,7448,2,7,118 0 21,-1,,6
1393774,12714652753,298845490,7448,0,159,1,1,3200.0,True,7448,7448,1,7,118 0 21,-1,,6
1393775,12714652753,298845490,7451,0,159,3,0,3200.0,True,7451,7448,2,7,19 0 21,-1,,6
1393776,12714667446,298845490,8015,0,160,0,0,1250.0,True,8015,8014,1,7,98 97 46 135,-1,,6
1393777,12714667446,298845490,8017,0,160,0,0,1250.0,True,8017,8014,3,7,98 97 46 135,-1,,6
1393778,12714667446,298845490,8018,0,160,1,0,1250.0,True,8018,8014,0,7,98 39 46 135,-1,,6
1393779,12714667446,298845490,8016,0,160,1,0,1250.0,True,8016,8014,3,7,98 118 46 135,-1,,6
1393780,12714667446,298845490,8014,0,160,1,0,1250.0,True,8014,8014,0,7,98 18 46 135,-1,,6
1393781,12714679068,298845490,8145,0,161,0,1,1800.0,True,8145,8144,0,7,84 97 42 135,-1,,6
1393782,12714679068,298845490,8144,0,161,1,0,1800.0,True,8144,8144,3,7,84 118 42 135,-1,,6
1393783,12714679068,298845490,8147,0,161,1,1,1800.0,True,8147,8144,1,7,84 118 42 135,-1,,6
1393784,12714679068,298845490,8148,0,161,1,0,1800.0,True,8148,8144,3,7,84 42 18 135,-1,,6
1393785,12714679068,298845490,8146,0,161,0,1,1800.0,True,8146,8144,0,7,84 39 42 135,-1,,6
1393786,12714693306,298845490,3311,0,162,1,0,1400.0,True,3311,3309,3,4,157 183 162 29,-1,,6
1393787,12714693306,298845490,3310,0,162,0,0,1400.0,True,3310,3309,1,4,136 183 162 29,-1,,6
1393788,12714693306,298845490,3309,0,162,1,0,1400.0,True,3309,3309,0,4,106 183 162 29,-1,,6
1393789,12714706773,298845490,2783,0,163,1,0,1000.0,True,2783,2782,2,4,136 169 81,-1,,7
1393790,12714706773,298845490,2784,0,163,0,1,1000.0,True,2784,2782,0,4,136 169 81,-1,,8
1393791,12714706773,298845490,2782,0,163,2,0,1000.0,True,2782,2782,3,4,82 169 81,-1,,9
1393792,12714720445,298845490,2857,0,164,0,0,2666.0,True,2857,2857,1,4,106 67 92,-1,,9
1393793,12714720445,298845490,2858,0,164,1,0,2666.0,True,2858,2857,3,4,136 67 92,-1,,9
1393794,12714720445,298845490,2859,0,164,0,1,2666.0,True,2859,2857,0,4,157 67 92,-1,,9
1393795,12714729999,298845490,2644,0,165,3,0,2666.0,True,2644,2644,0,4,74 158 38,-1,,9
1393796,12714729999,298845490,2645,0,165,1,0,2666.0,True,2645,2644,0,4,136 158 38,-1,,9
1393797,12714729999,298845490,2646,0,165,0,0,2666.0,True,2646,2644,1,4,82 158 38,-1,,9
1393798,12714744078,298845490,3118,0,166,1,0,1333.0,True,3118,3117,2,4,136 144 81,-1,,9
1393799,12714744078,298845490,3119,0,166,0,1,1333.0,True,3119,3117,0,4,136 144 81,-1,,9
1393800,12714744078,298845490,3117,0,166,0,1,1333.0,True,3117,3117,0,4,74 144 81,-1,,9
1393801,12714769232,298845490,10041,0,167,0,1,3000.0,True,10041,10038,0,6,27,-1,,9
1393802,12714769232,298845490,10040,0,167,0,0,3000.0,True,10040,10038,1,6,53,-1,,9
1393803,12714769232,298845490,10038,0,167,1,0,3000.0,True,10038,10038,2,6,89,-1,,9
1393804,12714769232,298845490,10039,0,167,0,1,3000.0,True,10039,10038,0,6,28,-1,,9
1393805,12714786931,298845490,10063,0,168,3,0,1750.0,True,10063,10062,1,6,27,-1,,9
1393806,12714786931,298845490,10065,0,168,1,0,1750.0,True,10065,10062,3,6,53,-1,,9
1393807,12714786931,298845490,10062,0,168,0,1,1750.0,True,10062,10062,0,6,8,-1,,9
1393808,12714786931,298845490,10064,0,168,1,0,1750.0,True,10064,10062,2,6,156,-1,,9
1393809,12714803064,298845490,10051,0,169,3,0,3000.0,True,10051,10050,1,6,27,-1,,9
1393810,12714803064,298845490,10053,0,169,1,0,3000.0,True,10053,10050,3,6,53,-1,,9
1393811,12714803064,298845490,10052,0,169,0,1,3000.0,True,10052,10050,0,6,159,-1,,9
1393812,12714803064,298845490,10050,0,169,1,1,3000.0,True,10050,10050,1,6,73,-1,,9
1393813,12714814116,298845490,6757,0,170,1,1,2750.0,True,6757,6757,1,6,8 162,-1,,9
1393814,12714814116,298845490,6759,0,170,1,0,2750.0,True,6759,6757,0,6,27 162,-1,,9
1393815,12714814116,298845490,6760,0,170,3,0,2750.0,True,6760,6757,1,6,54 162,-1,,9
1393816,12714814116,298845490,6758,0,170,0,0,2750.0,True,6758,6757,2,6,127 162,-1,,9
1393817,12801369372,298845490,16329,1,171,-1,-1,,False,65535,-1,-1,7,,16,solving question,9
1393818,12801386099,298845490,17614,1,172,-1,-1,,False,65535,-1,-1,7,,42,solving question,9
1393819,12801439392,298845490,2953,0,173,0,1,1500.0,True,2953,2952,0,4,74 67 81,-1,,9
1393820,12801439392,298845490,2954,0,173,2,0,1500.0,True,2954,2952,3,4,136 67 81,-1,,9
1393821,12801439392,298845490,2952,0,173,2,1,1500.0,True,2952,2952,2,4,74 67 81,-1,,9
1393822,12801484969,298845490,3087,0,174,0,1,13666.0,True,3087,3087,0,4,106 144 29,-1,,9
1393823,12801484969,298845490,3089,0,174,0,1,13666.0,True,3089,3087,0,4,136 144 29,-1,,9
1393824,12801484969,298845490,3088,0,174,2,0,13666.0,True,3088,3087,3,4,82 144 29,-1,,9
1393825,12801546140,298845490,3063,0,175,3,0,12666.0,True,3063,3063,1,4,106 67 92,-1,,9
1393826,12801546140,298845490,3064,0,175,0,1,12666.0,True,3064,3063,0,4,113 67 92,-1,,9
1393827,12801546140,298845490,3065,0,175,1,0,12666.0,True,3065,3063,2,4,136 67 92,-1,,9
1393828,12801609443,298845490,11596,0,176,1,0,17666.0,True,11596,11594,0,4,161 67 81,-1,,9
1393829,12801609443,298845490,11595,0,176,1,1,17666.0,True,11595,11594,1,4,136 67 81,-1,,9
1393830,12801609443,298845490,11594,0,176,0,0,17666.0,True,11594,11594,1,4,106 67 81,-1,,9
1393831,12801665330,298845490,2816,0,177,2,1,18000.0,True,2816,2815,2,4,136 103 162 92,-1,,9
1393832,12801665330,298845490,2817,0,177,0,0,18000.0,True,2817,2815,2,4,157 103 162 92,-1,,9
1393833,12801665330,298845490,2815,0,177,3,0,18000.0,True,2815,2815,1,4,74 103 162 92,-1,,9
1393834,12801717083,298845490,10978,0,178,2,1,16333.0,True,10978,10975,2,6,53,-1,,9
1393835,12801717083,298845490,10976,0,178,3,0,16333.0,True,10976,10975,2,6,128,-1,,9
1393836,12801717083,298845490,10975,0,178,3,0,16333.0,True,10975,10975,1,6,27,-1,,9
1393837,12801717083,298845490,10977,0,178,0,1,16333.0,True,10977,10975,0,6,179,-1,,9
1393838,12801785006,298845490,10792,0,179,1,1,8000.0,True,10792,10791,1,6,73,-1,,9
1393839,12801785006,298845490,10793,0,179,0,0,8000.0,True,10793,10791,2,6,33,-1,,9
1393840,12801785006,298845490,10794,0,179,2,0,8000.0,True,10794,10791,3,6,27,-1,,9
1393841,12801785006,298845490,10791,0,179,3,1,8000.0,True,10791,10791,3,6,4,-1,,9
1393842,12801823222,298845490,11064,0,180,2,1,15750.0,True,11064,11063,2,6,53,-1,,9
1393843,12801823222,298845490,11066,0,180,1,1,15750.0,True,11066,11063,1,6,109,-1,,9
1393844,12801823222,298845490,11063,0,180,0,1,15750.0,True,11063,11063,0,6,127,-1,,9
1393845,12801823222,298845490,11065,0,180,0,0,15750.0,True,11065,11063,2,6,27,-1,,9
1393846,12801910907,298845490,6521,0,181,0,0,8250.0,True,6521,6521,1,6,53,-1,,9
1393847,12801910907,298845490,6522,0,181,0,0,8250.0,True,6522,6521,3,6,27,-1,,9
1393848,12801910907,298845490,6523,0,181,1,1,8250.0,True,6523,6521,1,6,115,-1,,9
1393849,12801910907,298845490,6524,0,181,0,1,8250.0,True,6524,6521,0,6,1,-1,,9
1393850,12802000445,298845490,7562,0,182,0,0,20500.0,True,7562,7561,2,7,118 42 21,-1,,9
1393851,12802000445,298845490,7561,0,182,1,1,20500.0,True,7561,7561,1,7,76 42 21,-1,,9
1393852,12802000445,298845490,7563,0,182,2,1,20500.0,True,7563,7561,2,7,145 42 21,-1,,9
1393853,12802125428,298845490,8080,0,183,0,0,25333.0,True,8080,8079,3,7,84 97 50 135 162,-1,,9
1393854,12802125428,298845490,8082,0,183,1,0,25333.0,True,8082,8079,2,7,84 39 50 135 162,-1,,9
1393855,12802125428,298845490,8083,0,183,3,1,25333.0,True,8083,8079,3,7,84 50 18 135 162,-1,,9
1393856,12802125428,298845490,8079,0,183,3,0,25333.0,True,8079,8079,2,7,84 50 118 135 162,-1,,9
1393857,12802125428,298845490,8081,0,183,2,0,25333.0,True,8081,8079,3,7,84 97 50 135 162,-1,,9
1393858,12802242627,298845490,8024,0,184,0,0,23800.0,True,8024,8024,3,7,118 77 42 135 162,-1,,9
1393859,12802242627,298845490,8026,0,184,1,0,23800.0,True,8026,8024,2,7,145 77 42 135 162,-1,,9
1393860,12802242627,298845490,8028,0,184,1,0,23800.0,True,8028,8024,0,7,97 77 42 135 162,-1,,9
1393861,12802242627,298845490,8027,0,184,0,1,23800.0,True,8027,8024,0,7,145 77 42 135 162,-1,,9
1393862,12802242627,298845490,8025,0,184,0,0,23800.0,True,8025,8024,1,7,118 77 42 135 162,-1,,9
1393863,12886067542,298845490,8821,1,185,-1,-1,,False,65535,-1,-1,7,,139,concept,9
1393864,12886081543,298845490,10032,1,186,-1,-1,,False,65535,-1,-1,7,,18,concept,9
1393865,12886175667,298845490,3227,0,187,3,0,22200.0,True,3227,3225,0,4,113 12 92,-1,,9
1393866,12886175667,298845490,3226,0,187,2,0,22200.0,True,3226,3225,3,4,136 12 92,-1,,9
1393867,12886175667,298845490,3225,0,187,3,0,22200.0,True,3225,3225,2,4,74 12 92,-1,,9
1393868,12886239116,298845490,2974,0,188,2,0,25333.0,True,2974,2973,1,4,136 67 81,-1,,9
1393869,12886239116,298845490,2973,0,188,1,0,25333.0,True,2973,2973,3,4,74 67 81,-1,,9
1393870,12886239116,298845490,2975,0,188,2,1,25333.0,True,2975,2973,2,4,136 67 81,-1,,9
1393871,12886338613,298845490,3127,0,189,3,0,18333.0,True,3127,3126,0,4,136 67 38,-1,,9
1393872,12886338613,298845490,3128,0,189,3,1,18333.0,True,3128,3126,3,4,161 67 38,-1,,9
1393873,12886338613,298845490,3126,0,189,1,0,18333.0,True,3126,3126,2,4,74 67 38,-1,,9
1393874,12886409095,298845490,3047,0,190,3,0,30666.0,True,3047,3045,1,4,113 144 162 92,-1,,9
1393875,12886409095,298845490,3045,0,190,1,0,30666.0,True,3045,3045,2,4,82 144 162 92,-1,,9
1393876,12886409095,298845490,3046,0,190,3,0,30666.0,True,3046,3045,0,4,136 144 162 92,-1,,9
1393877,12886467421,298845490,3217,0,191,3,0,20666.0,True,3217,3216,2,4,74 12 92,-1,,9
1393878,12886467421,298845490,3218,0,191,1,0,20666.0,True,3218,3216,3,4,113 12 92,-1,,9
1393879,12886467421,298845490,3216,0,191,1,0,20666.0,True,3216,3216,2,4,106 12 92,-1,,9
1393880,12886539404,298845490,10868,0,192,0,0,17000.0,True,10868,10867,2,6,73,-1,,9
1393881,12886539404,298845490,10870,0,192,2,0,17000.0,True,10870,10867,3,6,27,-1,,9
1393882,12886539404,298845490,10869,0,192,1,1,17000.0,True,10869,10867,1,6,179,-1,,9
1393883,12886539404,298845490,10867,0,192,3,0,17000.0,True,10867,10867,0,6,116,-1,,9
1393884,12886654707,298845490,10230,0,193,2,1,14250.0,True,10230,10228,2,6,27,-1,,9
1393885,12886654707,298845490,10228,0,193,0,1,14250.0,True,10228,10228,0,6,79,-1,,9
1393886,12886654707,298845490,10229,0,193,3,1,14250.0,True,10229,10228,3,6,151,-1,,9
1393887,12886654707,298845490,10231,0,193,3,0,14250.0,True,10231,10228,0,6,1,-1,,9
1393888,12886710633,298845490,10311,0,194,3,1,24750.0,True,10311,10308,3,6,116,-1,,9
1393889,12886710633,298845490,10308,0,194,1,1,24750.0,True,10308,10308,1,6,73,-1,,9
1393890,12886710633,298845490,10310,0,194,1,0,24750.0,True,10310,10308,2,6,133,-1,,9
1393891,12886710633,298845490,10309,0,194,3,0,24750.0,True,10309,10308,1,6,27,-1,,9
1393892,12886761649,298845490,10833,0,195,0,1,12750.0,True,10833,10831,0,6,27,-1,,9
1393893,12886761649,298845490,10832,0,195,3,0,12750.0,True,10832,10831,1,6,73,-1,,9
1393894,12886761649,298845490,10831,0,195,2,0,12750.0,True,10831,10831,3,6,75,-1,,9
1393895,12886761649,298845490,10834,0,195,0,1,12750.0,True,10834,10831,0,6,47,-1,,9
1393896,12886976978,298845490,7123,0,196,1,0,11500.0,True,7123,7121,2,7,37 153 21,-1,,9
1393897,12886976978,298845490,7122,0,196,0,0,11500.0,True,7122,7121,3,7,145 37 21,-1,,9
1393898,12886976978,298845490,7121,0,196,1,0,11500.0,True,7121,7121,3,7,76 37 21,-1,,9
1393899,12886976978,298845490,7124,0,196,2,0,11500.0,True,7124,7121,0,7,18 37 21,-1,,9
1393900,12887101557,298845490,7143,0,197,0,1,50250.0,True,7143,7140,0,7,98 84 18 35 122 162,-1,,9
1393901,12887101557,298845490,7141,0,197,1,0,50250.0,True,7141,7140,0,7,98 84 118 35 122 162,-1,,9
1393902,12887101557,298845490,7142,0,197,1,0,50250.0,True,7142,7140,3,7,98 84 97 35 122 162,-1,,9
1393903,12887101557,298845490,7140,0,197,3,0,50250.0,True,7140,7140,0,7,98 84 97 35 122 162,-1,,9
1393904,12887101557,298845490,7144,0,197,1,0,50250.0,True,7144,7140,2,7,98 84 97 35 122 162,-1,,9
1393905,12887124885,298845490,11679,0,198,0,0,23400.0,True,11679,11679,1,7,42 18 160 11 122,-1,,9
1393906,12887124885,298845490,11680,0,198,1,0,23400.0,True,11680,11679,0,7,42 160 11 122 165,-1,,9
1393907,12887124885,298845490,11682,0,198,1,0,23400.0,True,11682,11679,3,7,42 160 11 122 165,-1,,9
1393908,12887124885,298845490,11683,0,198,3,1,23400.0,True,11683,11679,3,7,118 42 160 11 122,-1,,9
1393909,12887124885,298845490,11681,0,198,0,0,23400.0,True,11681,11679,1,7,145 42 160 11 122,-1,,9
1393910,12973679363,298845490,3262,0,199,1,1,2200.0,True,3262,3261,1,4,74 150 162 92,-1,,9
1393911,12973679363,298845490,3263,0,199,1,1,2200.0,True,3263,3261,1,4,82 150 162 92,-1,,9
1393912,12973679363,298845490,3261,0,199,3,0,2200.0,True,3261,3261,2,4,106 150 162 92,-1,,9
1393913,12973739585,298845490,3006,0,200,3,0,11666.0,True,3006,3006,0,4,106 12 38,-1,,9
1393914,12973739585,298845490,3007,0,200,3,1,11666.0,True,3007,3006,3,4,161 12 38,-1,,9
1393915,12973739585,298845490,3008,0,200,2,1,11666.0,True,3008,3006,2,4,82 12 38,-1,,9
1393916,12973807049,298845490,2860,0,201,1,1,17333.0,True,2860,2860,1,4,136 158 162 29,-1,,9
1393917,12973807049,298845490,2861,0,201,2,1,17333.0,True,2861,2860,2,4,82 158 162 29,-1,,9
1393918,12973870847,298845490,10709,0,202,3,0,20000.0,True,10709,10707,2,4,157 92 3,-1,,9
1393919,12973870847,298845490,10707,0,202,0,1,20000.0,True,10707,10707,0,4,74 92 3,-1,,9
1393920,12973870847,298845490,10708,0,202,2,1,20000.0,True,10708,10707,2,4,136 92 3,-1,,9
1393921,12973922273,298845490,2582,0,203,1,0,18666.0,True,2582,2581,2,4,161 12 38,-1,,9
1393922,12973922273,298845490,2581,0,203,1,0,18666.0,True,2581,2581,0,4,74 12 38,-1,,9
1393923,12973922273,298845490,2583,0,203,1,0,18666.0,True,2583,2581,0,4,157 12 38,-1,,9
1393924,12973984622,298845490,6768,0,204,3,1,14666.0,True,6768,6765,3,6,123,-1,,9
1393925,12973984622,298845490,6767,0,204,2,0,14666.0,True,6767,6765,1,6,27,-1,,9
1393926,12973984622,298845490,6765,0,204,3,0,14666.0,True,6765,6765,1,6,174,-1,,9
1393927,12973984622,298845490,6766,0,204,3,0,14666.0,True,6766,6765,0,6,109,-1,,9
1393928,12974026799,298845490,11035,0,205,3,1,12750.0,True,11035,11035,3,6,116,-1,,9
1393929,12974026799,298845490,11036,0,205,1,0,12750.0,True,11036,11035,0,6,27,-1,,9
1393930,12974026799,298845490,11037,0,205,1,0,12750.0,True,11037,11035,0,6,72,-1,,9
1393931,12974026799,298845490,11038,0,205,3,0,12750.0,True,11038,11035,1,6,1,-1,,9
1393932,12974052249,298845490,10860,0,206,2,0,9250.0,True,10860,10859,3,6,64,-1,,9
1393933,12974052249,298845490,10862,0,206,1,0,9250.0,True,10862,10859,2,6,14,-1,,9
1393934,12974052249,298845490,10859,0,206,1,0,9250.0,True,10859,10859,3,6,27,-1,,9
1393935,12974052249,298845490,10861,0,206,1,1,9250.0,True,10861,10859,1,6,73,-1,,9
1393936,12974078171,298845490,10145,0,207,3,0,5250.0,True,10145,10144,1,6,27,-1,,9
1393937,12974078171,298845490,10147,0,207,1,0,5250.0,True,10147,10144,0,6,133,-1,,9
1393938,12974078171,298845490,10144,0,207,3,1,5250.0,True,10144,10144,3,6,96,-1,,9
1393939,12974078171,298845490,10146,0,207,0,1,5250.0,True,10146,10144,0,6,8,-1,,9
1393940,12974151236,298845490,7441,0,208,0,0,5250.0,True,7441,7440,3,7,37 153 21,-1,,9
1393941,12974151236,298845490,7440,0,208,1,0,5250.0,True,7440,7440,2,7,97 37 21,-1,,9
1393942,12974166173,298845490,11555,0,209,1,0,27000.0,True,11555,11552,3,7,98 118 117 135,-1,,9
1393943,12974166173,298845490,11552,0,209,0,0,27000.0,True,11552,11552,2,7,98 118 117 135,-1,,9
1393944,12974166173,298845490,11556,0,209,1,0,27000.0,True,11556,11552,0,7,98 18 117 135,-1,,9
1393945,12974166173,298845490,11554,0,209,3,0,27000.0,True,11554,11552,2,7,98 117 135 165,-1,,9
1393946,12974166173,298845490,11553,0,209,1,1,27000.0,True,11553,11552,1,7,98 118 117 135,-1,,9
1393947,12974178569,298845490,7095,0,210,0,0,2000.0,True,7095,7095,1,7,84 76 50 135,-1,,9
1393948,12974178569,298845490,7098,0,210,1,0,2000.0,True,7098,7095,3,7,84 145 50 135,-1,,9
1393949,12974178569,298845490,7096,0,210,1,0,2000.0,True,7096,7095,0,7,84 97 50 135,-1,,9
1393950,12974178569,298845490,7097,0,210,3,0,2000.0,True,7097,7095,2,7,84 97 50 135,-1,,9
1393951,12974178569,298845490,7099,0,210,0,1,2000.0,True,7099,7095,0,7,84 97 50 135,-1,,9
1393952,12974195447,298845490,10742,1,211,-1,-1,,False,65535,-1,-1,7,,76,concept,9
1393953,12974201339,298845490,27204,1,212,-1,-1,,False,65535,-1,-1,7,,118,concept,9
1393954,13060406722,298845490,1003,1,213,-1,-1,,False,65535,-1,-1,7,,98,concept,9
1393955,13060412686,298845490,9856,1,214,-1,-1,,False,65535,-1,-1,7,,98,solving question,9
1393956,13060476940,298845490,3348,0,215,1,0,1400.0,True,3348,3348,0,4,106 67 81,-1,,9
1393957,13060476940,298845490,3350,0,215,3,0,1400.0,True,3350,3348,2,4,113 67 81,-1,,9
1393958,13060476940,298845490,3349,0,215,3,0,1400.0,True,3349,3348,1,4,74 67 81,-1,,9
1393959,13060547144,298845490,10117,0,216,0,1,17666.0,True,10117,10115,0,4,82 12 92,-1,,9
1393960,13060547144,298845490,10115,0,216,2,1,17666.0,True,10115,10115,2,4,106 12 92,-1,,9
1393961,13060547144,298845490,10116,0,216,2,0,17666.0,True,10116,10115,3,4,82 12 92,-1,,9
1393962,13060606673,298845490,2958,0,217,1,1,21000.0,True,2958,2958,1,4,136 126 38,-1,,9
1393963,13060606673,298845490,2959,0,217,0,0,21000.0,True,2959,2958,1,4,106 126 38,-1,,9
1393964,13060606673,298845490,2960,0,217,2,0,21000.0,True,2960,2958,1,4,157 126 38,-1,,9
1393965,13060680174,298845490,2584,0,218,0,0,17333.0,True,2584,2584,3,4,136 144 162 38,-1,,9
1393966,13060680174,298845490,2586,0,218,2,0,17333.0,True,2586,2584,3,4,161 144 162 38,-1,,9
1393967,13060680174,298845490,2585,0,218,3,0,17333.0,True,2585,2584,0,4,136 144 162 38,-1,,9
1393968,13060748763,298845490,2714,0,219,1,0,22000.0,True,2714,2713,2,4,82 126 81,-1,,9
1393969,13060748763,298845490,2715,0,219,1,0,22000.0,True,2715,2713,0,4,157 126 81,-1,,9
1393970,13060748763,298845490,2713,0,219,0,0,22000.0,True,2713,2713,3,4,106 126 81,-1,,9
1393971,13060809219,298845490,6716,0,220,3,1,20333.0,True,6716,6713,3,6,8 162,-1,,9
1393972,13060809219,298845490,6715,0,220,0,0,20333.0,True,6715,6713,3,6,53 162,-1,,9
1393973,13060809219,298845490,6713,0,220,1,0,20333.0,True,6713,6713,2,6,147 162,-1,,9
1393974,13060809219,298845490,6714,0,220,3,0,20333.0,True,6714,6713,2,6,27 162,-1,,9
1393975,13060845022,298845490,11046,0,221,0,0,8750.0,True,11046,11043,2,6,53,-1,,9
1393976,13060845022,298845490,11043,0,221,3,1,8750.0,True,11043,11043,3,6,25,-1,,9
1393977,13060845022,298845490,11044,0,221,3,0,8750.0,True,11044,11043,1,6,116,-1,,9
1393978,13060845022,298845490,11045,0,221,1,1,8750.0,True,11045,11043,1,6,27,-1,,9
1393979,13060883753,298845490,10925,0,222,1,0,7750.0,True,10925,10923,3,6,27,-1,,9
1393980,13060883753,298845490,10923,0,222,1,1,7750.0,True,10923,10923,1,6,96,-1,,9
1393981,13060883753,298845490,10926,0,222,2,1,7750.0,True,10926,10923,2,6,168,-1,,9
1393982,13060883753,298845490,10924,0,222,2,1,7750.0,True,10924,10923,2,6,179,-1,,9
1393983,13060911451,298845490,6800,0,223,1,0,8500.0,True,6800,6797,0,6,27,-1,,9
1393984,13060911451,298845490,6798,0,223,1,0,8500.0,True,6798,6797,0,6,1,-1,,9
1393985,13060911451,298845490,6797,0,223,0,0,8500.0,True,6797,6797,1,6,180,-1,,9
1393986,13060911451,298845490,6799,0,223,1,0,8500.0,True,6799,6797,2,6,116,-1,,9
1393987,13060929788,298845490,7437,0,224,1,0,5750.0,True,7437,7436,3,7,37 153 21,-1,,9
1393988,13060929788,298845490,7436,0,224,0,0,5750.0,True,7436,7436,2,7,97 37 21,-1,,9
1393989,13060953578,298845490,6970,0,225,1,0,2000.0,True,6970,6966,2,7,98 118 35 146 122,-1,,9
1393990,13060953578,298845490,6968,0,225,0,1,2000.0,True,6968,6966,0,7,98 97 35 146 122,-1,,9
1393991,13060953578,298845490,6969,0,225,3,1,2000.0,True,6969,6966,3,7,98 97 35 146 122,-1,,9
1393992,13060953578,298845490,6966,0,225,1,0,2000.0,True,6966,6966,3,7,98 39 35 146 122,-1,,9
1393993,13060953578,298845490,6967,0,225,3,0,2000.0,True,6967,6966,0,7,98 145 35 146 122,-1,,9
1393994,13060973563,298845490,7773,0,226,1,0,3400.0,True,7773,7770,3,7,76 42 35 146 122,-1,,9
1393995,13060973563,298845490,7774,0,226,2,0,3400.0,True,7774,7770,0,7,97 42 35 146 122,-1,,9
1393996,13060973563,298845490,7770,0,226,0,0,3400.0,True,7770,7770,3,7,97 42 35 146 122,-1,,9
1393997,13060973563,298845490,7771,0,226,1,0,3400.0,True,7771,7770,0,7,97 42 35 146 122,-1,,9
1393998,13060973563,298845490,7772,0,226,3,1,3400.0,True,7772,7770,3,7,145 42 35 146 122,-1,,9
1393999,13140995229,298845490,13487,1,227,-1,-1,,False,65535,-1,-1,7,,98,solving question,9
1394000,13141001232,298845490,3852,1,228,-1,-1,,False,65535,-1,-1,4,,161,solving question,9
1394001,13146285639,298845490,7210,0,230,1,0,1600.0,True,7210,7208,2,7,145 184 21,-1,,9
1394002,13146285639,298845490,7208,0,230,0,0,1600.0,True,7208,7208,3,7,76 184 21,-1,,9
1394003,13146285639,298845490,7209,0,230,0,0,1600.0,True,7209,7208,3,7,97 184 21,-1,,9
1394004,13146285639,298845490,7211,0,230,3,0,1600.0,True,7211,7208,0,7,184 19 21,-1,,9
1394005,13146297278,298845490,7221,0,231,0,0,2000.0,True,7221,7220,1,7,18 16 21,-1,,9
1394006,13146297278,298845490,7222,0,231,1,0,2000.0,True,7222,7220,3,7,118 16 21,-1,,9
1394007,13146297278,298845490,7223,0,231,2,0,2000.0,True,7223,7220,3,7,16 19 21,-1,,9
1394008,13146297278,298845490,7220,0,231,1,0,2000.0,True,7220,7220,0,7,76 16 21,-1,,9
1394009,13146313408,298845490,7328,0,232,3,0,1500.0,True,7328,7326,1,7,97 160 16 35 122 162,-1,,9
1394010,13146313408,298845490,7330,0,232,0,0,1500.0,True,7330,7326,2,7,97 160 16 35 122 162,-1,,9
1394011,13146313408,298845490,7326,0,232,1,0,1500.0,True,7326,7326,3,7,39 160 16 35 122 162,-1,,9
1394012,13146313408,298845490,7327,0,232,0,0,1500.0,True,7327,7326,2,7,145 160 16 35 122 162,-1,,9
1394013,13146313408,298845490,7329,0,232,0,1,1500.0,True,7329,7326,0,7,97 160 16 35 122 162,-1,,9
1394014,13146334415,298845490,3167,0,229,0,0,2000.0,True,3167,3165,2,4,82 12 81,-1,,9
1394015,13146334415,298845490,3166,0,229,1,0,2000.0,True,3166,3165,2,4,161 12 81,-1,,9
1394016,13146334415,298845490,3165,0,229,0,0,2000.0,True,3165,3165,1,4,136 12 81,-1,,9
1394017,13146344854,298845490,3478,0,233,3,0,2000.0,True,3478,3477,1,4,136 158 162 29,-1,,9
1394018,13146344854,298845490,3477,0,233,1,0,2000.0,True,3477,3477,3,4,106 158 162 29,-1,,9
1394019,13146344854,298845490,3479,0,233,0,1,2000.0,True,3479,3477,0,4,82 158 162 29,-1,,9
1394020,13146356506,298845490,2933,0,234,0,1,1333.0,True,2933,2931,0,4,157 103 162 102,-1,,9
1394021,13146356506,298845490,2932,0,234,0,0,1333.0,True,2932,2931,1,4,136 103 162 102,-1,,9
1394022,13146356506,298845490,2931,0,234,0,0,1333.0,True,2931,2931,2,4,106 103 162 102,-1,,9
1394023,13146367042,298845490,3149,0,235,3,0,1333.0,True,3149,3147,0,4,136 103 162 81,-1,,9
1394024,13146367042,298845490,3147,0,235,0,0,1333.0,True,3147,3147,1,4,106 103 162 81,-1,,9
1394025,13146367042,298845490,3148,0,235,0,1,1333.0,True,3148,3147,0,4,161 103 162 81,-1,,9
1394026,13146377856,298845490,3108,0,236,1,0,1333.0,True,3108,3108,0,4,74 12 29,-1,,9
1394027,13146377856,298845490,3110,0,236,1,0,1333.0,True,3110,3108,2,4,82 12 29,-1,,9
1394028,13146377856,298845490,3109,0,236,3,0,1333.0,True,3109,3108,1,4,106 12 29,-1,,9
1394029,13146397578,298845490,10286,0,237,2,1,1333.0,True,10286,10284,2,6,27,-1,,9
1394030,13146397578,298845490,10287,0,237,1,0,1333.0,True,10287,10284,0,6,1,-1,,9
1394031,13146397578,298845490,10284,0,237,1,0,1333.0,True,10284,10284,3,6,73,-1,,9
1394032,13146397578,298845490,10285,0,237,3,0,1333.0,True,10285,10284,2,6,7,-1,,9
1394033,13146411784,298845490,10945,0,238,2,0,1750.0,True,10945,10943,0,6,73,-1,,9
1394034,13146411784,298845490,10946,0,238,0,1,1750.0,True,10946,10943,0,6,109,-1,,9
1394035,13146411784,298845490,10943,0,238,0,0,1750.0,True,10943,10943,1,6,27,-1,,9
1394036,13146411784,298845490,10944,0,238,0,0,1750.0,True,10944,10943,2,6,8,-1,,9
1394037,13146422496,298845490,11147,0,239,1,1,2250.0,True,11147,11147,1,6,27,-1,,9
1394038,13146422496,298845490,11149,0,239,0,0,2250.0,True,11149,11147,3,6,174,-1,,9
1394039,13146422496,298845490,11150,0,239,2,0,2250.0,True,11150,11147,0,6,73,-1,,9
1394040,13146422496,298845490,11148,0,239,0,0,2250.0,True,11148,11147,2,6,53,-1,,9
1394041,13146433768,298845490,10911,0,240,0,0,1250.0,True,10911,10911,3,6,14,-1,,9
1394042,13146433768,298845490,10914,0,240,1,1,1250.0,True,10914,10911,1,6,73,-1,,9
1394043,13146433768,298845490,10913,0,240,3,0,1250.0,True,10913,10911,0,6,159,-1,,9
1394044,13146433768,298845490,10912,0,240,0,0,1250.0,True,10912,10911,2,6,27,-1,,9
1394045,13230989059,298845490,22792,1,241,-1,-1,,False,65535,-1,-1,4,,161,solving question,9
1394046,13230995080,298845490,12942,1,242,-1,-1,,False,65535,-1,-1,4,,126,concept,9
1394047,13231248293,298845490,2577,0,243,3,1,1500.0,True,2577,2575,3,4,161 103 102,-1,,9
1394048,13231248293,298845490,2575,0,243,0,0,1500.0,True,2575,2575,2,4,106 103 102,-1,,9
1394049,13231248293,298845490,2576,0,243,2,0,1500.0,True,2576,2575,3,4,136 103 102,-1,,9
1394050,13231327337,298845490,3111,0,244,2,1,32333.0,True,3111,3111,2,4,106 67 29,-1,,9
1394051,13231327337,298845490,3112,0,244,3,0,32333.0,True,3112,3111,2,4,136 67 29,-1,,9
1394052,13231327337,298845490,3113,0,244,2,1,32333.0,True,3113,3111,2,4,82 67 29,-1,,9
1394053,13231375439,298845490,3238,0,245,0,0,23333.0,True,3238,3237,1,4,136 12 81,-1,,9
1394054,13231375439,298845490,3237,0,245,0,0,23333.0,True,3237,3237,3,4,106 12 81,-1,,9
1394055,13231375439,298845490,3239,0,245,2,1,23333.0,True,3239,3237,2,4,82 12 81,-1,,9
1394056,13231458058,298845490,3518,0,246,1,0,13333.0,True,3518,3516,2,4,82 103 92,-1,,9
1394057,13231458058,298845490,3516,0,246,3,1,13333.0,True,3516,3516,3,4,74 103 92,-1,,9
1394058,13231458058,298845490,3517,0,246,2,0,13333.0,True,3517,3516,0,4,161 103 92,-1,,9
1394059,13231518140,298845490,10693,0,247,1,1,24666.0,True,10693,10692,1,4,136 120 38,-1,,9
1394060,13231518140,298845490,10694,0,247,3,0,24666.0,True,10694,10692,2,4,157 120 38,-1,,9
1394061,13231518140,298845490,10692,0,247,1,0,24666.0,True,10692,10692,0,4,106 120 38,-1,,9
1394062,13232182458,298845490,10760,0,248,3,0,17333.0,True,10760,10759,2,6,27,-1,,9
1394063,13232182458,298845490,10759,0,248,1,0,17333.0,True,10759,10759,2,6,73,-1,,9
1394064,13232182458,298845490,10762,0,248,1,0,17333.0,True,10762,10759,0,6,181,-1,,9
1394065,13232182458,298845490,10761,0,248,0,0,17333.0,True,10761,10759,1,6,79,-1,,9
1394066,13232217168,298845490,10758,0,249,1,0,8500.0,True,10758,10755,2,6,159,-1,,9
1394067,13232217168,298845490,10755,0,249,0,1,8500.0,True,10755,10755,0,6,27,-1,,9
1394068,13232217168,298845490,10757,0,249,1,0,8500.0,True,10757,10755,3,6,53,-1,,9
1394069,13232217168,298845490,10756,0,249,0,0,8500.0,True,10756,10755,1,6,79,-1,,9
1394070,13232241148,298845490,11182,0,250,1,0,7500.0,True,11182,11179,3,6,27,-1,,9
1394071,13232241148,298845490,11181,0,250,1,1,7500.0,True,11181,11179,1,6,53,-1,,9
1394072,13232241148,298845490,11179,0,250,1,0,7500.0,True,11179,11179,0,6,147,-1,,9
1394073,13232241148,298845490,11180,0,250,1,0,7500.0,True,11180,11179,0,6,134,-1,,9
1394074,13232264487,298845490,6504,0,251,0,1,4750.0,True,6504,6501,0,6,8,-1,,9
1394075,13232264487,298845490,6502,0,251,0,1,4750.0,True,6502,6501,0,6,173,-1,,9
1394076,13232264487,298845490,6501,0,251,0,0,4750.0,True,6501,6501,1,6,27,-1,,9
1394077,13232264487,298845490,6503,0,251,0,0,4750.0,True,6503,6501,2,6,53,-1,,9
1394078,13232289628,298845490,7433,0,252,1,0,4500.0,True,7433,7431,0,7,145 160 16 35 122 162,-1,,9
1394079,13232289628,298845490,7434,0,252,3,0,4500.0,True,7434,7431,0,7,76 160 16 35 122 162,-1,,9
1394080,13232289628,298845490,7435,0,252,2,0,4500.0,True,7435,7431,3,7,97 160 16 35 122 162,-1,,9
1394081,13232289628,298845490,7431,0,252,3,0,4500.0,True,7431,7431,0,7,97 160 16 35 122 162,-1,,9
1394082,13232289628,298845490,7432,0,252,1,0,4500.0,True,7432,7431,2,7,39 160 16 35 122 162,-1,,9
1394083,13232303021,298845490,11867,0,253,1,1,2800.0,True,11867,11863,1,7,98 84 135 165,-1,,9
1394084,13232303021,298845490,11866,0,253,1,0,2800.0,True,11866,11863,0,7,98 84 135 165,-1,,9
1394085,13232303021,298845490,11864,0,253,0,1,2800.0,True,11864,11863,0,7,98 84 118 135,-1,,9
1394086,13232303021,298845490,11863,0,253,1,1,2800.0,True,11863,11863,1,7,98 84 145 135,-1,,9
1394087,13232303021,298845490,11865,0,253,0,1,2800.0,True,11865,11863,0,7,98 84 118 135,-1,,9
1394088,13232311783,298845490,7767,0,254,1,0,1600.0,True,7767,7767,3,7,76 42 21,-1,,9
1394089,13232311783,298845490,7769,0,254,0,0,1600.0,True,7769,7767,3,7,42 19 21,-1,,9
1394090,13232311783,298845490,7768,0,254,0,0,1600.0,True,7768,7767,3,7,97 42 21,-1,,9
1394091,13319884757,298845490,19184,1,255,-1,-1,,False,65535,-1,-1,4,,157,concept,9
1394092,13319890836,298845490,5990,1,256,-1,-1,,False,65535,-1,-1,4,,67,concept,9
1394093,13319903058,298845490,3107,0,257,0,0,1333.0,True,3107,3105,3,4,136 126 29,-1,,9
1394094,13319903058,298845490,3106,0,257,1,0,1333.0,True,3106,3105,2,4,136 126 29,-1,,9
1394095,13319903058,298845490,3105,0,257,0,0,1333.0,True,3105,3105,1,4,74 126 29,-1,,9
1394096,13319911707,298845490,10106,0,258,0,0,1333.0,True,10106,10106,2,4,74 12 38,-1,,9
1394097,13319911707,298845490,10108,0,258,1,1,1333.0,True,10108,10106,1,4,82 12 38,-1,,9
1394098,13319911707,298845490,10107,0,258,1,0,1333.0,True,10107,10106,3,4,106 12 38,-1,,9
1394099,13319921690,298845490,2918,0,259,1,1,1000.0,True,2918,2916,1,4,136 67 38,-1,,10
1394100,13319921690,298845490,2916,0,259,1,1,1000.0,True,2916,2916,1,4,106 67 38,-1,,11
1394101,13319921690,298845490,2917,0,259,3,1,1000.0,True,2917,2916,3,4,82 67 38,-1,,12
1394102,13319931875,298845490,3142,0,260,1,0,1333.0,True,3142,3141,3,4,157 12 38,-1,,12
1394103,13319931875,298845490,3143,0,260,1,0,1333.0,True,3143,3141,0,4,136 12 38,-1,,12
1394104,13319931875,298845490,3141,0,260,3,1,1333.0,True,3141,3141,3,4,113 12 38,-1,,12
1394105,13319945140,298845490,10690,0,261,0,0,1333.0,True,10690,10689,2,4,136 120 81,-1,,12
1394106,13319945140,298845490,10691,0,261,0,1,1333.0,True,10691,10689,0,4,157 120 81,-1,,12
1394107,13319945140,298845490,10689,0,261,1,0,1333.0,True,10689,10689,3,4,74 120 81,-1,,12
1394108,13319971211,298845490,10823,0,262,1,0,2666.0,True,10823,10823,0,6,133,-1,,12
1394109,13319971211,298845490,10826,0,262,1,0,2666.0,True,10826,10823,2,6,27,-1,,12
1394110,13319971211,298845490,10824,0,262,0,0,2666.0,True,10824,10823,3,6,1,-1,,12
1394111,13319971211,298845490,10825,0,262,0,1,2666.0,True,10825,10823,0,6,173,-1,,12
1394112,13319984371,298845490,10279,0,263,3,0,3500.0,True,10279,10276,2,6,27,-1,,12
1394113,13319984371,298845490,10277,0,263,0,1,3500.0,True,10277,10276,0,6,8,-1,,12
1394114,13319984371,298845490,10278,0,263,1,0,3500.0,True,10278,10276,2,6,96,-1,,12
1394115,13319984371,298845490,10276,0,263,1,0,3500.0,True,10276,10276,3,6,7,-1,,12
1394116,13319995949,298845490,6813,0,264,1,1,1750.0,True,6813,6813,1,6,85,-1,,12
1394117,13319995949,298845490,6815,0,264,0,1,1750.0,True,6815,6813,0,6,181,-1,,12
1394118,13319995949,298845490,6816,0,264,1,0,1750.0,True,6816,6813,0,6,27,-1,,12
1394119,13319995949,298845490,6814,0,264,1,0,1750.0,True,6814,6813,0,6,73,-1,,12
1394120,13320008692,298845490,10164,0,265,3,0,1750.0,True,10164,10164,0,6,53,-1,,12
1394121,13320008692,298845490,10166,0,265,0,0,1750.0,True,10166,10164,1,6,89,-1,,12
1394122,13320008692,298845490,10167,0,265,0,0,1750.0,True,10167,10164,1,6,27,-1,,12
1394123,13320008692,298845490,10165,0,265,1,0,1750.0,True,10165,10164,2,6,8,-1,,12
1394124,13320031251,298845490,7386,0,266,1,0,2000.0,True,7386,7386,3,7,42 18 35 117 122,-1,,12
1394125,13320031251,298845490,7389,0,266,0,1,2000.0,True,7389,7386,0,7,97 42 35 117 122,-1,,12
1394126,13320031251,298845490,7387,0,266,1,0,2000.0,True,7387,7386,3,7,97 42 35 117 122,-1,,12
1394127,13320031251,298845490,7388,0,266,3,0,2000.0,True,7388,7386,2,7,145 42 35 117 122,-1,,12
1394128,13320031251,298845490,7390,0,266,1,1,2000.0,True,7390,7386,1,7,39 42 35 117 122,-1,,12
1394129,13320046318,298845490,7505,0,267,1,0,2000.0,True,7505,7504,3,7,97 42 160 35 122,-1,,12
1394130,13320046318,298845490,7507,0,267,1,0,2000.0,True,7507,7504,2,7,97 42 160 35 122,-1,,12
1394131,13320046318,298845490,7506,0,267,3,0,2000.0,True,7506,7504,2,7,42 18 160 35 122,-1,,12
1394132,13320046318,298845490,7508,0,267,3,0,2000.0,True,7508,7504,0,7,118 42 160 35 122,-1,,12
1394133,13320046318,298845490,7504,0,267,1,1,2000.0,True,7504,7504,1,7,39 42 160 35 122,-1,,12
1394134,13320057064,298845490,7607,0,268,1,0,1800.0,True,7607,7607,2,7,97 37 21,-1,,12
1394135,13320057064,298845490,7610,0,268,1,1,1800.0,True,7610,7607,1,7,97 37 21,-1,,12
1394136,13320057064,298845490,7609,0,268,3,0,1800.0,True,7609,7607,1,7,118 37 21,-1,,12
1394137,13320057064,298845490,7608,0,268,1,0,1800.0,True,7608,7607,2,7,37 153 21,-1,,12
1394138,13406649936,298845490,13336,1,269,-1,-1,,False,65535,-1,-1,4,,113,concept,12
1394139,13406658578,298845490,29559,1,270,-1,-1,,False,65535,-1,-1,4,,113,solving question,12
1394140,13406686207,298845490,2766,0,271,3,0,1500.0,True,2766,2764,2,4,157 150 81,-1,,12
1394141,13406686207,298845490,2764,0,271,1,0,1500.0,True,2764,2764,3,4,106 150 81,-1,,12
1394142,13406686207,298845490,2765,0,271,0,1,1500.0,True,2765,2764,0,4,106 150 81,-1,,12
1394143,13406711279,298845490,2750,0,272,0,0,5000.0,True,2750,2749,3,4,82 126 81,-1,,12
1394144,13406711279,298845490,2749,0,272,3,0,5000.0,True,2749,2749,0,4,136 126 81,-1,,12
1394145,13406711279,298845490,2751,0,272,1,0,5000.0,True,2751,2749,3,4,113 126 81,-1,,12
1394146,13406728895,298845490,2716,0,273,3,1,6000.0,True,2716,2716,3,4,74 67 81,-1,,12
1394147,13406728895,298845490,2718,0,273,1,1,6000.0,True,2718,2716,1,4,157 67 81,-1,,12
1394148,13406728895,298845490,2717,0,273,2,0,6000.0,True,2717,2716,0,4,82 67 81,-1,,12
1394149,13406752731,298845490,2693,0,274,0,0,3333.0,True,2693,2692,2,4,82 150 81,-1,,12
1394150,13406752731,298845490,2694,0,274,2,0,3333.0,True,2694,2692,3,4,136 150 81,-1,,12
1394151,13406752731,298845490,2692,0,274,1,1,3333.0,True,2692,2692,1,4,106 150 81,-1,,12
1394152,13406767642,298845490,10128,0,275,0,0,5333.0,True,10128,10127,3,4,136 67 102,-1,,12
1394153,13406767642,298845490,10129,0,275,0,1,5333.0,True,10129,10127,0,4,82 67 102,-1,,12
1394154,13406767642,298845490,10127,0,275,3,1,5333.0,True,10127,10127,3,4,106 67 102,-1,,12
1394155,13406807232,298845490,11091,0,276,3,1,2333.0,True,11091,11091,3,6,168,-1,,12
1394156,13406807232,298845490,11093,0,276,0,1,2333.0,True,11093,11091,0,6,27,-1,,12
1394157,13406807232,298845490,11092,0,276,2,1,2333.0,True,11092,11091,2,6,1,-1,,12
1394158,13406807232,298845490,11094,0,276,0,0,2333.0,True,11094,11091,2,6,96,-1,,12
1394159,13406847571,298845490,6546,0,277,0,0,7250.0,True,6546,6545,1,6,1,-1,,12
1394160,13406847571,298845490,6548,0,277,2,1,7250.0,True,6548,6545,2,6,96,-1,,12
1394161,13406847571,298845490,6545,0,277,1,0,7250.0,True,6545,6545,0,6,116,-1,,12
1394162,13406847571,298845490,6547,0,277,0,0,7250.0,True,6547,6545,1,6,27,-1,,12
1394163,13406890461,298845490,10082,0,278,1,0,8750.0,True,10082,10082,3,6,73,-1,,12
1394164,13406890461,298845490,10085,0,278,1,1,8750.0,True,10085,10082,1,6,147,-1,,12
1394165,13406890461,298845490,10083,0,278,0,0,8750.0,True,10083,10082,3,6,27,-1,,12
1394166,13406890461,298845490,10084,0,278,0,1,8750.0,True,10084,10082,0,6,96,-1,,12
1394167,13406922480,298845490,11120,0,279,0,0,9500.0,True,11120,11119,2,6,27,-1,,12
1394168,13406922480,298845490,11122,0,279,0,0,9500.0,True,11122,11119,3,6,179,-1,,12
1394169,13406922480,298845490,11121,0,279,1,0,9500.0,True,11121,11119,0,6,53,-1,,12
1394170,13406922480,298845490,11119,0,279,1,0,9500.0,True,11119,11119,2,6,79,-1,,12
1394171,13406953168,298845490,7154,0,280,1,0,6750.0,True,7154,7153,3,7,39 184 160 35 122,-1,,12
1394172,13406953168,298845490,7153,0,280,1,0,6750.0,True,7153,7153,3,7,97 184 160 35 122,-1,,12
1394173,13406953168,298845490,7156,0,280,0,0,6750.0,True,7156,7153,2,7,76 184 160 35 122,-1,,12
1394174,13406953168,298845490,7155,0,280,0,0,6750.0,True,7155,7153,3,7,97 184 160 35 122,-1,,12
1394175,13406953168,298845490,7157,0,280,2,1,6750.0,True,7157,7153,2,7,97 184 160 35 122,-1,,12
1394176,13406968604,298845490,8077,0,281,3,0,3400.0,True,8077,8074,1,7,118 42 117 135,-1,,12
1394177,13406968604,298845490,8078,0,281,1,0,3400.0,True,8078,8074,2,7,97 42 117 135,-1,,12
1394178,13406968604,298845490,8076,0,281,1,0,3400.0,True,8076,8074,3,7,97 42 117 135,-1,,12
1394179,13406968604,298845490,8074,0,281,1,0,3400.0,True,8074,8074,2,7,76 42 117 135,-1,,12
1394180,13406968604,298845490,8075,0,281,0,0,3400.0,True,8075,8074,3,7,118 42 117 135,-1,,12
1394181,13406981994,298845490,7402,0,282,1,0,2000.0,True,7402,7401,0,7,97 0 146 11 122,-1,,12
1394182,13406981994,298845490,7404,0,282,3,0,2000.0,True,7404,7401,0,7,18 0 146 11 122,-1,,12
1394183,13406981994,298845490,7405,0,282,1,0,2000.0,True,7405,7401,2,7,97 0 146 11 122,-1,,12
1394184,13406981994,298845490,7403,0,282,0,0,2000.0,True,7403,7401,3,7,145 0 146 11 122,-1,,12
1394185,13406981994,298845490,7401,0,282,2,0,2000.0,True,7401,7401,1,7,39 0 146 11 122,-1,,12
1394186,13493178536,298845490,11772,1,283,-1,-1,,False,65535,-1,-1,4,,113,solving question,12
1394187,13493189676,298845490,12831,1,284,-1,-1,,False,65535,-1,-1,4,,12,concept,12
1394188,13493214385,298845490,6870,0,285,3,0,1600.0,True,6870,6869,2,6,27 162,-1,,12
1394189,13493214385,298845490,6869,0,285,1,1,1600.0,True,6869,6869,1,6,8 162,-1,,12
1394190,13493214385,298845490,6872,0,285,1,0,1600.0,True,6872,6869,0,6,26 162,-1,,12
1394191,13493214385,298845490,6871,0,285,3,0,1600.0,True,6871,6869,1,6,55 162,-1,,12
1394192,13493240044,298845490,10015,0,286,3,1,4250.0,True,10015,10013,3,6,27,-1,,12
1394193,13493240044,298845490,10016,0,286,1,1,4250.0,True,10016,10013,1,6,49,-1,,12
1394194,13493240044,298845490,10014,0,286,1,0,4250.0,True,10014,10013,2,6,53,-1,,12
1394195,13493240044,298845490,10013,0,286,1,0,4250.0,True,10013,10013,3,6,96,-1,,12
1394196,13493263601,298845490,10314,0,287,2,0,5000.0,True,10314,10312,1,6,27,-1,,12
1394197,13493263601,298845490,10313,0,287,0,0,5000.0,True,10313,10312,2,6,181,-1,,12
1394198,13493263601,298845490,10312,0,287,1,0,5000.0,True,10312,10312,2,6,73,-1,,12
1394199,13493263601,298845490,10315,0,287,0,1,5000.0,True,10315,10312,0,6,73,-1,,12
1394200,13493280605,298845490,10200,0,288,1,0,4250.0,True,10200,10200,3,6,72,-1,,12
1394201,13493280605,298845490,10203,0,288,3,0,4250.0,True,10203,10200,0,6,8,-1,,12
1394202,13493280605,298845490,10201,0,288,0,1,4250.0,True,10201,10200,0,6,73,-1,,12
1394203,13493280605,298845490,10202,0,288,0,1,4250.0,True,10202,10200,0,6,27,-1,,12
1394204,13493297041,298845490,3376,0,289,0,0,3000.0,True,3376,3375,1,4,136 67 92,-1,,12
1394205,13493297041,298845490,3375,0,289,1,0,3000.0,True,3375,3375,0,4,106 67 92,-1,,12
1394206,13493297041,298845490,3377,0,289,1,0,3000.0,True,3377,3375,2,4,136 67 92,-1,,12
1394207,13493308367,298845490,3475,0,290,1,0,1000.0,True,3475,3474,0,4,74 171 162 92,-1,,13
1394208,13493308367,298845490,3476,0,290,3,1,1000.0,True,3476,3474,3,4,82 171 162 92,-1,,14
1394209,13493308367,298845490,3474,0,290,0,0,1000.0,True,3474,3474,2,4,74 171 162 92,-1,,15
1394210,13493321425,298845490,2999,0,291,3,0,1333.0,True,2999,2997,0,4,157 12 102,-1,,15
1394211,13493321425,298845490,2997,0,291,0,0,1333.0,True,2997,2997,2,4,74 12 102,-1,,15
1394212,13493321425,298845490,2998,0,291,1,1,1333.0,True,2998,2997,1,4,82 12 102,-1,,15
1394213,13493332383,298845490,3378,0,292,1,0,1333.0,True,3378,3378,2,4,106 150 81,-1,,15
1394214,13493332383,298845490,3380,0,292,3,0,1333.0,True,3380,3378,2,4,106 150 81,-1,,15
1394215,13493332383,298845490,3379,0,292,1,0,1333.0,True,3379,3378,2,4,82 150 81,-1,,15
1394216,13493344863,298845490,2555,0,293,1,0,1333.0,True,2555,2554,0,4,161 12 102,-1,,15
1394217,13493344863,298845490,2554,0,293,0,0,1333.0,True,2554,2554,3,4,106 12 102,-1,,15
1394218,13493344863,298845490,2556,0,293,0,0,1333.0,True,2556,2554,1,4,82 12 102,-1,,15
1394219,13493367186,298845490,8134,0,294,1,0,1333.0,True,8134,8134,3,7,98 84 76 135 162,-1,,15
1394220,13493367186,298845490,8135,0,294,0,0,1333.0,True,8135,8134,3,7,98 84 97 135 162,-1,,15
1394221,13493367186,298845490,8137,0,294,3,1,1333.0,True,8137,8134,3,7,98 84 39 135 162,-1,,15
1394222,13493367186,298845490,8138,0,294,1,0,1333.0,True,8138,8134,0,7,98 84 97 135 162,-1,,15
1394223,13493367186,298845490,8136,0,294,1,0,1333.0,True,8136,8134,2,7,98 84 145 135 162,-1,,15
1394224,13493379238,298845490,7216,0,295,1,0,1200.0,True,7216,7216,3,7,97 50 21,-1,,15
1394225,13493379238,298845490,7219,0,295,3,0,1200.0,True,7219,7216,2,7,50 19 21,-1,,15
1394226,13493379238,298845490,7218,0,295,1,0,1200.0,True,7218,7216,2,7,50 18 21,-1,,15
1394227,13493379238,298845490,7217,0,295,0,0,1200.0,True,7217,7216,2,7,50 118 21,-1,,15
1394228,13493392792,298845490,7751,0,296,0,0,1750.0,True,7751,7749,3,7,97 160 35 0 122,-1,,15
1394229,13493392792,298845490,7752,0,296,1,0,1750.0,True,7752,7749,2,7,97 160 35 0 122,-1,,15
1394230,13493392792,298845490,7749,0,296,1,0,1750.0,True,7749,7749,2,7,39 160 35 0 122,-1,,15
1394231,13493392792,298845490,7753,0,296,1,0,1750.0,True,7753,7749,0,7,18 160 35 0 122,-1,,15
1394232,13493392792,298845490,7750,0,296,1,1,1750.0,True,7750,7749,1,7,145 160 35 0 122,-1,,15
1394233,13578355783,298845490,32168,1,297,-1,-1,,False,65535,-1,-1,4,,136,concept,15
1394234,13578362103,298845490,28034,1,298,-1,-1,,False,65535,-1,-1,4,,136,solving question,15
1394235,13578622552,298845490,10695,0,299,3,1,1600.0,True,10695,10695,3,4,106 120 92,-1,,15
1394236,13578622552,298845490,10696,0,299,0,1,1600.0,True,10696,10695,0,4,136 120 92,-1,,15
1394237,13578622552,298845490,10697,0,299,3,0,1600.0,True,10697,10695,2,4,82 120 92,-1,,15
1394238,13578687986,298845490,2736,0,300,2,1,14666.0,True,2736,2734,2,4,136 12 81,-1,,15
1394239,13578687986,298845490,2735,0,300,0,1,14666.0,True,2735,2734,0,4,82 12 81,-1,,15
1394240,13578687986,298845490,2734,0,300,2,0,14666.0,True,2734,2734,0,4,74 12 81,-1,,15
1394241,13578762164,298845490,2594,0,301,0,0,17333.0,True,2594,2593,2,4,161 103 102,-1,,15
1394242,13578762164,298845490,2595,0,301,2,0,17333.0,True,2595,2593,0,4,82 103 102,-1,,15
1394243,13578762164,298845490,2593,0,301,1,0,17333.0,True,2593,2593,3,4,136 103 102,-1,,15
1394244,13578839871,298845490,3137,0,302,1,0,22333.0,True,3137,3135,2,4,157 67 81,-1,,15
1394245,13578839871,298845490,3135,0,302,3,1,22333.0,True,3135,3135,3,4,106 67 81,-1,,15
1394246,13578839871,298845490,3136,0,302,0,0,22333.0,True,3136,3135,3,4,136 67 81,-1,,15
1394247,13578896461,298845490,10711,0,303,2,0,23333.0,True,10711,10710,1,4,82 38 3,-1,,15
1394248,13578896461,298845490,10712,0,303,3,1,23333.0,True,10712,10710,3,4,82 38 3,-1,,15
1394249,13578896461,298845490,10710,0,303,2,1,23333.0,True,10710,10710,2,4,74 38 3,-1,,15
1394250,13578955302,298845490,10292,0,304,1,0,16333.0,True,10292,10292,2,6,27,-1,,15
1394251,13578955302,298845490,10295,0,304,1,0,16333.0,True,10295,10292,0,6,147,-1,,15
1394252,13578955302,298845490,10293,0,304,1,0,16333.0,True,10293,10292,3,6,73,-1,,15
1394253,13578955302,298845490,10294,0,304,0,0,16333.0,True,10294,10292,2,6,54,-1,,15
1394254,13578983140,298845490,10198,0,305,2,0,10250.0,True,10198,10196,0,6,27,-1,,15
1394255,13578983140,298845490,10197,0,305,0,1,10250.0,True,10197,10196,0,6,1,-1,,15
1394256,13578983140,298845490,10196,0,305,1,0,10250.0,True,10196,10196,3,6,96,-1,,15
1394257,13578983140,298845490,10199,0,305,3,0,10250.0,True,10199,10196,2,6,156,-1,,15
1394258,13579008074,298845490,10370,0,306,1,0,5750.0,True,10370,10368,2,6,27,-1,,15
1394259,13579008074,298845490,10369,0,306,0,1,5750.0,True,10369,10368,0,6,53,-1,,15
1394260,13579008074,298845490,10371,0,306,0,1,5750.0,True,10371,10368,0,6,96,-1,,15
1394261,13579008074,298845490,10368,0,306,0,0,5750.0,True,10368,10368,3,6,152,-1,,15
1394262,13579041728,298845490,11019,0,307,3,0,5000.0,True,11019,11019,2,6,27,-1,,15
1394263,13579041728,298845490,11021,0,307,1,1,5000.0,True,11021,11019,1,6,179,-1,,15
1394264,13579041728,298845490,11022,0,307,1,1,5000.0,True,11022,11019,1,6,168,-1,,15
1394265,13579041728,298845490,11020,0,307,1,0,5000.0,True,11020,11019,0,6,1,-1,,15
1394266,13579064408,298845490,8149,0,308,1,0,7250.0,True,8149,8149,3,7,84 76 42 135 162,-1,,15
1394267,13579064408,298845490,8152,0,308,1,0,7250.0,True,8152,8149,0,7,84 97 42 135 162,-1,,15
1394268,13579064408,298845490,8151,0,308,0,0,7250.0,True,8151,8149,3,7,84 42 18 135 162,-1,,15
1394269,13579064408,298845490,8150,0,308,0,0,7250.0,True,8150,8149,1,7,84 118 42 135 162,-1,,15
1394270,13579064408,298845490,8153,0,308,0,0,7250.0,True,8153,8149,2,7,84 42 18 135 162,-1,,15
1394271,13579076312,298845490,8071,0,309,0,0,1800.0,True,8071,8069,2,7,118 160 16 135,-1,,15
1394272,13579076312,298845490,8072,0,309,1,0,1800.0,True,8072,8069,2,7,97 160 16 135,-1,,15
1394273,13579076312,298845490,8070,0,309,0,0,1800.0,True,8070,8069,2,7,118 160 16 135,-1,,15
1394274,13579076312,298845490,8073,0,309,0,0,1800.0,True,8073,8069,2,7,97 160 16 135,-1,,15
1394275,13579076312,298845490,8069,0,309,1,0,1800.0,True,8069,8069,3,7,76 160 16 135,-1,,15
1394276,13579085169,298845490,7214,0,310,0,0,1400.0,True,7214,7212,2,7,42 18 21,-1,,15
1394277,13579085169,298845490,7213,0,310,0,0,1400.0,True,7213,7212,2,7,76 42 21,-1,,15
1394278,13579085169,298845490,7212,0,310,1,0,1400.0,True,7212,7212,3,7,118 42 21,-1,,15
1394279,13579085169,298845490,7215,0,310,0,0,1400.0,True,7215,7212,3,7,42 19 21,-1,,15
1394280,13662386003,298845490,32175,1,311,-1,-1,,False,65535,-1,-1,4,,82,concept,15
1394281,13662391174,298845490,23732,1,312,-1,-1,,False,65535,-1,-1,4,,82,solving question,15
1394282,13662434877,298845490,2875,0,313,3,0,1250.0,True,2875,2874,2,4,136 12 29,-1,,15
1394283,13662434877,298845490,2876,0,313,2,0,1250.0,True,2876,2874,1,4,82 12 29,-1,,15
1394284,13662434877,298845490,2874,0,313,0,1,1250.0,True,2874,2874,0,4,106 12 29,-1,,15
1394285,13662479524,298845490,2567,0,314,1,1,11333.0,True,2567,2566,1,4,161 67 92,-1,,15
1394286,13662479524,298845490,2568,0,314,3,0,11333.0,True,2568,2566,1,4,157 67 92,-1,,15
1394287,13662479524,298845490,2566,0,314,1,0,11333.0,True,2566,2566,3,4,106 67 92,-1,,15
1394288,13662534073,298845490,3471,0,315,1,0,13000.0,True,3471,3471,0,4,106 144 162 81,-1,,15
1394289,13662534073,298845490,3472,0,315,0,0,13000.0,True,3472,3471,1,4,136 144 162 81,-1,,15
1394290,13662534073,298845490,3473,0,315,0,0,13000.0,True,3473,3471,2,4,136 144 162 81,-1,,15
1394291,13662583809,298845490,2658,0,316,3,0,16333.0,True,2658,2656,2,4,136 67 102,-1,,15
1394292,13662583809,298845490,2656,0,316,2,0,16333.0,True,2656,2656,1,4,74 67 102,-1,,15
1394293,13662583809,298845490,2657,0,316,3,0,16333.0,True,2657,2656,0,4,136 67 102,-1,,15
1394294,13662596015,298845490,3036,0,317,1,1,14666.0,True,3036,3036,1,4,106 103 162 92,-1,,15
1394295,13662596015,298845490,3038,0,317,1,0,14666.0,True,3038,3036,0,4,113 103 162 92,-1,,15
1394296,13662596015,298845490,3037,0,317,0,1,14666.0,True,3037,3036,0,4,136 103 162 92,-1,,15
1394297,13662698984,298845490,6611,0,318,1,0,2000.0,True,6611,6609,3,6,44 162,-1,,15
1394298,13662698984,298845490,6612,0,318,1,0,2000.0,True,6612,6609,0,6,73 162,-1,,15
1394299,13662698984,298845490,6610,0,318,1,1,2000.0,True,6610,6609,1,6,27 162,-1,,15
1394300,13662698984,298845490,6609,0,318,3,0,2000.0,True,6609,6609,2,6,8 162,-1,,15
1394301,13662767332,298845490,10930,0,319,1,1,22750.0,True,10930,10927,1,6,53,-1,,15
1394302,13662767332,298845490,10927,0,319,2,1,22750.0,True,10927,10927,2,6,181,-1,,15
1394303,13662767332,298845490,10929,0,319,0,0,22750.0,True,10929,10927,3,6,27,-1,,15
1394304,13662767332,298845490,10928,0,319,1,0,22750.0,True,10928,10927,0,6,109,-1,,15
1394305,13662832300,298845490,10910,0,320,2,1,15000.0,True,10910,10907,2,6,166,-1,,15
1394306,13662832300,298845490,10907,0,320,3,1,15000.0,True,10907,10907,3,6,27,-1,,15
1394307,13662832300,298845490,10909,0,320,3,1,15000.0,True,10909,10907,3,6,25,-1,,15
1394308,13662832300,298845490,10908,0,320,2,0,15000.0,True,10908,10907,0,6,53,-1,,15
1394309,13662888012,298845490,6491,0,321,2,0,14000.0,True,6491,6489,0,6,73,-1,,15
1394310,13662888012,298845490,6489,0,321,1,0,14000.0,True,6489,6489,3,6,8,-1,,15
1394311,13662888012,298845490,6490,0,321,3,0,14000.0,True,6490,6489,1,6,96,-1,,15
1394312,13662888012,298845490,6492,0,321,1,0,14000.0,True,6492,6489,3,6,27,-1,,15
1394313,13662909995,298845490,7396,0,322,1,1,12750.0,True,7396,7396,1,7,39 160 16 35 122,-1,,15
1394314,13662909995,298845490,7399,0,322,3,0,12750.0,True,7399,7396,0,7,97 160 16 35 122,-1,,15
1394315,13662909995,298845490,7398,0,322,1,0,12750.0,True,7398,7396,2,7,97 160 16 35 122,-1,,15
1394316,13662909995,298845490,7397,0,322,3,0,12750.0,True,7397,7396,1,7,18 160 16 35 122,-1,,15
1394317,13662909995,298845490,7400,0,322,3,0,12750.0,True,7400,7396,1,7,145 160 16 35 122,-1,,15
1394318,13662919691,298845490,7819,0,323,3,0,1600.0,True,7819,7816,1,7,97 37 21,-1,,15
1394319,13662919691,298845490,7818,0,323,0,0,1600.0,True,7818,7816,3,7,97 37 21,-1,,15
1394320,13662919691,298845490,7817,0,323,0,0,1600.0,True,7817,7816,2,7,37 153 21,-1,,15
1394321,13662919691,298845490,7816,0,323,1,0,1600.0,True,7816,7816,3,7,76 37 21,-1,,15
1394322,13662930669,298845490,7294,0,324,0,1,1000.0,True,7294,7291,0,7,42 19 21,-1,,16
1394323,13662930669,298845490,7293,0,324,3,0,1000.0,True,7293,7291,0,7,42 18 21,-1,,17
1394324,13662930669,298845490,7292,0,324,1,0,1000.0,True,7292,7291,3,7,39 42 21,-1,,18
1394325,13662930669,298845490,7291,0,324,0,0,1000.0,True,7291,7291,1,7,145 42 21,-1,,19
1394326,13754605682,298845490,1732,0,325,3,0,1500.0,True,1732,1730,2,3,113 81 92,-1,,19
1394327,13754605682,298845490,1731,0,325,1,0,1500.0,True,1731,1730,0,3,136 81 92,-1,,19
1394328,13754605682,298845490,1730,0,325,0,0,1500.0,True,1730,1730,2,3,106 81 92,-1,,19
1394329,13754616189,298845490,1608,0,326,1,1,1666.0,True,1608,1607,1,3,161 38 81,-1,,19
1394330,13754616189,298845490,1607,0,326,3,1,1666.0,True,1607,1607,3,3,136 38 81,-1,,19
1394331,13754616189,298845490,1609,0,326,2,0,1666.0,True,1609,1607,1,3,136 38 81,-1,,19
1394332,13754625855,298845490,1610,0,327,3,0,1333.0,True,1610,1610,0,3,106 38 81,-1,,19
1394333,13754625855,298845490,1611,0,327,1,0,1333.0,True,1611,1610,0,3,161 38 81,-1,,19
1394334,13754625855,298845490,1612,0,327,0,0,1333.0,True,1612,1610,2,3,136 162 38 81,-1,,19
1394335,13754637259,298845490,2277,0,328,1,0,1000.0,True,2277,2275,3,3,113 162 92 29,-1,,20
1394336,13754637259,298845490,2275,0,328,1,0,1000.0,True,2275,2275,3,3,74 92 29,-1,,21
1394337,13754637259,298845490,2276,0,328,3,0,1000.0,True,2276,2275,2,3,136 92 29,-1,,22
1394338,13754647555,298845490,1982,0,329,1,0,1333.0,True,1982,1982,2,3,136 38 81 29,-1,,22
1394339,13754647555,298845490,1984,0,329,0,0,1333.0,True,1984,1982,2,3,157 38 81 29,-1,,22
1394340,13754647555,298845490,1983,0,329,0,0,1333.0,True,1983,1982,1,3,136 38 81 29,-1,,22
1394341,13754657750,298845490,13256,1,330,-1,-1,,False,65535,-1,-1,4,,136,solving question,22
1394342,13754664545,298845490,6761,1,331,-1,-1,,False,65535,-1,-1,4,,136,solving question,22
1394343,13754687573,298845490,2991,0,332,0,0,1000.0,True,2991,2991,1,4,74 126 81,-1,,23
1394344,13754687573,298845490,2993,0,332,0,0,1000.0,True,2993,2991,2,4,136 126 81,-1,,24
1394345,13754687573,298845490,2992,0,332,1,0,1000.0,True,2992,2991,0,4,106 126 81,-1,,25
1394346,13754697394,298845490,3085,0,333,0,0,1000.0,True,3085,3084,1,4,136 83 29,-1,,26
1394347,13754697394,298845490,3084,0,333,1,1,1000.0,True,3084,3084,1,4,106 83 29,-1,,27
1394348,13754697394,298845490,3086,0,333,1,0,1000.0,True,3086,3084,2,4,82 83 29,-1,,28
1394349,13754708338,298845490,2623,0,334,0,0,1000.0,True,2623,2623,2,4,74 103 38,-1,,29
1394350,13754708338,298845490,2624,0,334,0,1,1000.0,True,2624,2623,0,4,106 103 38,-1,,30
1394351,13754708338,298845490,2625,0,334,3,0,1000.0,True,2625,2623,1,4,136 103 38,-1,,31
1394352,13754718494,298845490,3470,0,335,0,0,1000.0,True,3470,3468,1,4,82 67 29,-1,,32
1394353,13754718494,298845490,3469,0,335,0,1,1000.0,True,3469,3468,0,4,136 67 29,-1,,33
1394354,13754718494,298845490,3468,0,335,1,0,1000.0,True,3468,3468,3,4,106 67 29,-1,,34
1394355,13754729338,298845490,2591,0,336,0,0,1000.0,True,2591,2590,1,4,161 171 162 92,-1,,35
1394356,13754729338,298845490,2590,0,336,0,0,1000.0,True,2590,2590,2,4,74 171 162 92,-1,,36
1394357,13754729338,298845490,2592,0,336,3,0,1000.0,True,2592,2590,0,4,157 171 162 92,-1,,37
1394358,13754746246,298845490,7331,0,337,1,0,1333.0,True,7331,7331,0,7,98 39 160 35 122,-1,,37
1394359,13754746246,298845490,7332,0,337,2,1,1333.0,True,7332,7331,2,7,98 97 160 35 122,-1,,37
1394360,13754746246,298845490,7334,0,337,0,0,1333.0,True,7334,7331,2,7,98 97 160 35 122,-1,,37
1394361,13754746246,298845490,7335,0,337,3,0,1333.0,True,7335,7331,2,7,98 97 160 35 122,-1,,37
1394362,13754746246,298845490,7333,0,337,1,0,1333.0,True,7333,7331,0,7,98 97 160 35 122,-1,,37
1394363,13754755892,298845490,7837,0,338,0,0,1200.0,True,7837,7836,3,7,18 37 21,-1,,37
1394364,13754755892,298845490,7838,0,338,3,0,1200.0,True,7838,7836,1,7,37 153 21,-1,,37
1394365,13754755892,298845490,7836,0,338,1,0,1200.0,True,7836,7836,2,7,118 37 21,-1,,37
1394366,13754755892,298845490,7839,0,338,1,0,1200.0,True,7839,7836,0,7,18 37 21,-1,,37
1394367,13754766909,298845490,6940,0,339,1,0,1250.0,True,6940,6940,3,7,84 97 50 154 122 162,-1,,37
1394368,13754766909,298845490,6943,0,339,1,1,1250.0,True,6943,6940,1,7,84 97 50 154 122 162,-1,,37
1394369,13754766909,298845490,6942,0,339,3,1,1250.0,True,6942,6940,3,7,84 39 50 154 122 162,-1,,37
1394370,13754766909,298845490,6944,0,339,0,0,1250.0,True,6944,6940,3,7,84 97 50 154 122 162,-1,,37
1394371,13754766909,298845490,6941,0,339,0,1,1250.0,True,6941,6940,0,7,84 97 50 154 122 162,-1,,37
1394372,13754783313,298845490,11074,0,340,3,1,1000.0,True,11074,11071,3,6,179,-1,,38
1394373,13754783313,298845490,11073,0,340,1,0,1000.0,True,11073,11071,2,6,14,-1,,39
1394374,13754783313,298845490,11071,0,340,1,1,1000.0,True,11071,11071,1,6,53,-1,,40
1394375,13754783313,298845490,11072,0,340,3,1,1000.0,True,11072,11071,3,6,27,-1,,41
1394376,13754796789,298845490,10018,0,341,0,0,1000.0,True,10018,10017,3,6,60,-1,,42
1394377,13754796789,298845490,10020,0,341,2,1,1000.0,True,10020,10017,2,6,55,-1,,43
1394378,13754796789,298845490,10017,0,341,1,0,1000.0,True,10017,10017,2,6,73,-1,,44
1394379,13754796789,298845490,10019,0,341,3,0,1000.0,True,10019,10017,2,6,27,-1,,45
1394380,13754806269,298845490,10765,0,342,1,1,2000.0,True,10765,10763,1,6,27,-1,,45
1394381,13754806269,298845490,10764,0,342,3,0,2000.0,True,10764,10763,0,6,159,-1,,45
1394382,13754806269,298845490,10763,0,342,3,1,2000.0,True,10763,10763,3,6,33,-1,,45
1394383,13754806269,298845490,10766,0,342,2,1,2000.0,True,10766,10763,2,6,53,-1,,45
1394384,13754817015,298845490,10330,0,343,0,1,1000.0,True,10330,10328,0,6,179,-1,,46
1394385,13754817015,298845490,10331,0,343,3,0,1000.0,True,10331,10328,2,6,147,-1,,47
1394386,13754817015,298845490,10329,0,343,0,0,1000.0,True,10329,10328,1,6,27,-1,,48
1394387,13754817015,298845490,10328,0,343,1,0,1000.0,True,10328,10328,3,6,133,-1,,49
